PubMed ID, allele Symbol ,order ID,EMMA ID,comment
23713592,2282,,Jo Nov 2016
25195104,2596,,Jo Nov 2016
25187265,2705,,Jo Nov 2016
24013503,1862,,Jo Nov 2016
24981230,4633,,Jo Nov 2016
22144916,1823,,Jo Nov 2016
23897886,2046,,Jo Nov 2016
22532369,2033,,Jo Nov 2016
23827709,1991,,Jo Nov 2016
22802351,2282,,Jo Nov 2016
23817550,1965,,Jo Nov 2016
21655083,2084,,Jo Nov 2016
23401851,1823,,Jo Nov 2016
25183173,2119,,Jo Nov 2016
24064296,2578,,Jo Nov 2016
25087892,3192,,Jo Nov 2016
24293546,1866,,Jo Nov 2016
23468651,2084,,Jo Nov 2016
23267094,2354,,Jo Nov 2016
25180231,2046,,Jo Nov 2016
22801499,2552,,Jo Nov 2016
23640545,4337,,Jo Nov 2016
25215489,2888,,Jo Nov 2016
23454480,2576,,Jo Nov 2016
25492475,2999,,Jo Nov 2016
25662603,2292,,Jo Nov 2016
25580854,5028,,Jo Nov 2016
25990470,2474,,Jo Nov 2016
25838550,5184,,Jo Nov 2016
26044960,2958,,Jo Nov 2016
25985299,3382,,Jo Nov 2016
26028225,2734,,Jo Nov 2016
25870538,2494,,Jo Nov 2016
26188089,2139,,Jo Nov 2016
26102480,2119,,Jo Nov 2016
26268777,3064,,Jo Nov 2016
26280336,4541,,Jo Nov 2016
26286991,2886,,Jo Nov 2016
26402843,2292,,Jo Nov 2016
26587753,2371,,Jo Nov 2016
26637354,2889,,Jo Nov 2016
26727661,2139,,Jo Nov 2016
26697887,5303,,Jo Nov 2016
26776516,3247,,Jo Nov 2016
26795843,2984,,Jo Nov 2016
26903600,1989,,Jo Nov 2016
26878175,3555,,Jo Nov 2016
26968211,2769,,Jo Nov 2016
26935106,3602,,Jo Nov 2016
27032818,5242,,Jo Nov 2016
27207521,2857,,Jo Nov 2016
27302397,2459,,Jo Nov 2016
26747696,2496,,Jo Nov 2016
27460150,2292,,Jo Nov 2016
27357688,5780,,Jo Nov 2016
27357688,5781,,Jo Nov 2016
27470444,2292,,Jo Nov 2016
27524794,4612,,Jo Nov 2016
27518902,2448,,Jo Nov 2016
27466704,2033,,Jo Nov 2016
23908241,3326,,Jo Nov 2016
25299188,3653,,Jo Nov 2016
25026213,3900,,Jo Nov 2016
25377878,3912,,Jo Nov 2016
25660024,2883,,Jo Nov 2016
24685140,4180,,Jo Nov 2016
25481835,5403,,Jo Nov 2016
25810472,3150,,Jo Nov 2016
25805620,4390,,Jo Nov 2016
26072710,3150,,Jo Nov 2016
26177727,3963,,Jo Nov 2016
26246171,4220,,Jo Nov 2016
26420843,5403,,Jo Nov 2016
26307081,5403,,Jo Nov 2016
26665171,2890,,Jo Nov 2016
26876430,5939,,Jo Nov 2016
26868297,5228,,Jo Nov 2016
26994494,3946,,Jo Nov 2016
27210552,5123,,Jo Nov 2016
27249171,6258,,Jo Nov 2016
27444544,4405,,Jo Nov 2016
27695001,5778,,Jo Nov 2016
27827819,5624,,Jo Feb 2017
28026023,5806,,Jo Feb 2017
27935040,1860,,Jo Feb 2017
28007585,5716,,Jo Feb 2017
28104815,2046,,Jo Feb 2017
28045099,7182,,Jo Feb 2017
28041877,1823,,Jo Feb 2017
27857073,4231,,Jo Feb 2017
28128235,5590,,Jo Feb 2017
28049716,6153,,Jo Feb 2017
27709605,5756,,Jo Jun 2017
28254523,4741,,Jo Jun 2017
28238654,2408,,Jo Jun 2017
28322331,3466,,Jo Jun 2017
28343629,3878,,Jo Jun 2017
28424523,1989,,Jo Jun 2017
28395340,3416,,Jo Jun 2017
28507225,3694,,Jo Jun 2017
28530678,5594,,Jo Jun 2017
28369354,2736,,Jo Jun 2017
28600325,3602,,Jo Oct 2017
28578315,2466,,Jo Oct 2017
28658614,3968,,Jo Oct 2017
28621310,6661,,Jo Oct 2017
28696225,3720,,Jo Oct 2017
28743718,2706,,Jo Oct 2017
28811369,5934,,Jo Oct 2017
28923496,4907,,Jo Oct 2017
28739881,5316,,Jo Oct 2017
28899994,4243,,Jo Oct 2017
28778945,6469,,Jo Oct 2017
28878098,5439,,Jo Oct 2017
29038422,5778,,Jo May 2018
28846084,6385,,Jo May 2018
28931573,6163,,Jo May 2018
29122955,5704,,Jo May 2018
29150602,4585,,Jo May 2018
28720716,3212,,Jo May 2018
29113991,1898,,Jo May 2018
29078390,3875,,Jo May 2018
29384525,2562,,Jo May 2018
29180574,6643,,Jo May 2018
29315990,2821,,Jo May 2018
29414686,7024,,Jo May 2018
29423877,6006,,Jo May 2018
29466054,4053,,Jo May 2018
29481883,4234,,Jo May 2018
29549365,4969,,Jo May 2018
29554219,5716,,Jo May 2018
29513658,2776,,Jo May 2018
22922464,2776,,Jo May 2018
29540666,5083,,Jo May 2018
29588831,5165,,Jo May 2018
29643507,6901,,Jo May 2018
29618580,5812,,Jo May 2018
29703891,8726,,Jo May 2018
29095442,8727,,Jo May 2018
22761313,2785,,Paola EMMA mentioned
23934451,4001,,Paola EMMA mentioned
23989956,4479,,Paola EMMA mentioned
24391134,3976,,Paola EMMA mentioned
24529376,3744,,Paola EMMA mentioned
24860998,2553,,Paola EMMA mentioned
25259925,2754,,Paola EMMA mentioned
25428364,6230,,Paola EMMA mentioned
25729399,3926,,Paola EMMA mentioned
26060214,3947,,Paola EMMA mentioned
26078274,4119,,Paola EMMA mentioned
26095358,1968,,Paola EMMA mentioned
26119739,3610,,Paola EMMA mentioned
26258414,2518,,Paola EMMA mentioned
26335643,3473,,Paola EMMA mentioned
26385183,2709,,Paola EMMA mentioned
26525805,2542,,Paola EMMA mentioned
26590424,2605,,Paola EMMA mentioned
26619789,4813,,Paola EMMA mentioned
26660102,4001,,Paola EMMA mentioned
26822507,5150,,Paola EMMA mentioned
26903602,5217,,Paola EMMA mentioned
26952749,5150,,Paola EMMA mentioned
27048792,3560,,Paola EMMA mentioned
27053112,3162,,Paola EMMA mentioned
27147664,3251,,Paola EMMA mentioned
27203244,3754,,Paola EMMA mentioned
27381259,2777,,Paola EMMA mentioned
27502165,3587,,Paola EMMA mentioned
27721407,3696,,Paola EMMA mentioned
27943094,4001,,Paola EMMA mentioned
28052249,3251,,Paola EMMA mentioned
28363983,5123,,Paola EMMA mentioned
28507547,2918,,Paola EMMA mentioned
28791750,5605,,Paola EMMA mentioned
29031721,5467,,Paola EMMA mentioned
29131158,7195,,Paola EMMA mentioned
29180567,4240,,Paola EMMA mentioned
24367259,1012,,Anna de Castro (user publications)
22174255,1384,,Anna de Castro (user publications)
22080953,999,,Anna de Castro (user publications)
18575457,327,,Anna de Castro (user publications)
19259262,877,,Anna de Castro (user publications)
24367259,3226,,Anna de Castro (user publications)
23001583,1901,,Anna de Castro (user publications)
21706006,659,,Anna de Castro (user publications)
21677284,966,,Anna de Castro (user publications)
12483226,157,,Anna de Castro (user publications)
21821709,657,,Anna de Castro (user publications)
22733797,966,,Anna de Castro (user publications)
21757544,662,,Anna de Castro (user publications)
22043908,689,,Anna de Castro (user publications)
19242475,1045,,Anna de Castro (user publications)
23487467,270,,Anna de Castro (user publications)
19855845,662,,Anna de Castro (user publications)
18815152,695,,Anna de Castro (user publications)
22529900,662,,Anna de Castro (user publications)
21559407,1654,,Anna de Castro (user publications)
21980526,663,,Anna de Castro (user publications)
21795535,1705,,Anna de Castro (user publications)
23595734,1958,,Anna de Castro (user publications)
22167485,248,,Anna de Castro (user publications)
24228806,1071,,Anna de Castro (user publications)
24228806,1070,,Anna de Castro (user publications)
29912316,6219,,Jo Aug 2018
29908641,2889,,Jo Aug 2018
29809170,5892,,Jo Aug 2018
29799007,5563,,Jo Aug 2018
29910804,5184,,Jo Aug 2018
29859945,5806,,Jo Aug 2018
29751817,4511,,Jo Aug 2018
29317263,4431,,Jo Aug 2018
29892051,4185,,Jo Aug 2018
29054595,5604,,Jo Aug 2018
30062795,8799,,Jo Aug 2018
30062795,8801,,Jo Aug 2018
30054395,7023,,Jo Aug 2018
30093633,3944,,Jo Aug 2018
30046110,5646,,Jo Aug 2018
30061742,6314,,Jo Aug 2018
27701470,4813,,Janet Nov 16
26740663,5393,,Janet Nov 16
28488815,5395,,Janet Nov 16
27550173,5018,,Janet Nov 16
26337870,5018,,Janet Nov 16
25713362,3905,,Janet Nov 16
27083047,5733,,Janet Nov 16
25056906,3095,,Confirmed by author based on Paolas search
25422446,2995,,Confirmed by author based on Paolas search
26223655,4877,,Confirmed by author based on Paolas search
28031293,5539,,Confirmed by author based on Paolas search
27013243,2125,,Confirmed by author based on Paolas search
24646517,2315,,Confirmed by author based on Paolas search
26579598,3729,,Confirmed by author based on Paolas search
24284630,3137,,Confirmed by author based on Paolas search
26305884,3754,,Confirmed by author based on Paolas search
26365183,3194,,Confirmed by author based on Paolas search
29113992,4424,,Confirmed by author based on Paolas search
25869670,2085,,Confirmed by author based on Paolas search
21763481,2085,,Confirmed by author based on Paolas search
27177310,2172,,Confirmed by author based on Paolas search
29118104,3452,,Confirmed by author based on Paolas search
29401485,4813,,Confirmed by author based on Paolas search
28018990,3194,,Confirmed by author based on Paolas search
26828201,5397,,MG Nov 18 from Jo's 12 w/o req ID
27826253,6162,,MG Nov 18 from Jo's 12 w/o req ID
28089251,5183,,MG Nov 18 from Jo's 12 w/o req ID
30409431,1821,,Discovered by chance
30217896,9094,,Jo_Feb_2019
30200414,4511,,Jo_Feb_2019
30190432,6199,,Jo_Feb_2019
30126926,6373,,Jo_Feb_2019
30184499,2518,,Jo_Feb_2019
30204862,5447,,Jo_Feb_2019
30048615,5917,,Jo_Feb_2019
30321814,2974,,Jo_Feb_2019
30266742,2736,,Jo_Feb_2019
30131424,6034,,Jo_Feb_2019
30333090,5892,,Jo_Feb_2019
30309881,6875,,Jo_Feb_2019
30239752,6006,,Jo_Feb_2019
30043283,6908,,Jo_Feb_2019
30374077,4636,,Jo_Feb_2019
30553776,4719,,Jo_Feb_2019
30517863,3883,,Jo_Feb_2019
30487795,4342,,Jo_Feb_2019
30626697,4712,,Jo_Feb_2019
30662006,4704,,Jo_Feb_2019
30538132,5437,,Jo_Feb_2019
30664619,5869,,Jo_Feb_2019
30374053,6038,,Jo_Feb_2019
30679179,3376,,Jo_Feb_2019
30504773,2033,,Jo_Feb_2019
30653406,2033,,Jo_Feb_2019
30639577,7307,,Jo_Feb_2019
30382149,2795,,Jo_Feb_2019
30455454,5757,,Jo_Feb_2019
30679680,5566,,Jo_Feb_2019
30707697,6901,,Jo_Feb_2019
30665704,5916,,Jo_Feb_2019
30598549,7262,,Jo_Feb_2019
30293785,7220,,Jo_Feb_2019
30561764,6777,,Jo_Feb_2019
30710088,6884,,Jo_Feb_2019
30815534,3588,,Jo_Mar_19
30735494,3816,,Jo_Mar_19
30831381,5403,,Jo_Mar_19
30840666,9157,,Jo_Mar_19
30840666,9158,,Jo_Mar_19
30811977,5898,,Jo_Mar_19
30878582,5573,,Jo_Mar_19
30807788,5991,,Jo_Mar_19
30452905,4196,,R.Matteoni_Apr_19
26935062,4196,,R.Matteoni_Apr_19
28749080,2132,,discovered
30804003,9210,,CNR_Apr_19
30181354,9210,,CNR_Apr_19
30181354,4202,,CNR_Apr_19
30181354,7585,,CNR_Apr_19
30199819,4202,,CNR_Apr_19
30199819,9210,,CNR_Apr_19
28578918,9210,,CNR_Apr_19
28578918,7585,,CNR_Apr_19
29234270,9210,,CNR_Apr_19
24144139,7585,,CNR_Apr_19
22891314,9210,,CNR_Apr_19
20858605,7585,,CNR_Apr_19
19047647,9210,,CNR_Apr_19
19047635,9210,,CNR_Apr_19
29409032,3692,,R.Matteoni_Nov_19
25852085,3692,,R.Matteoni_Nov_19
32015231,8559,,FS
32908139,5775,,FS_upon_user_request
33346030,6480,,spotted
32841098,6465,,spotted_by_MR
33410914,6374,,MR_Feb_21
1901381,,EM:00001,
10940882,,EM:00002,
12208849,,EM:00003,
1909605,,EM:00004,
9108159,,EM:00005,
10845937,,EM:00006,
7698643,,EM:00007,
10932192,,EM:00008,
10886017,,EM:00008,
16303964,,EM:00008,
10932192,,EM:00009,
18385072,,EM:00009,
10886017,,EM:00009,
10932192,,EM:00010,
19407009,,EM:00010,
10886017,,EM:00010,
10932192,,EM:00011,
10886017,,EM:00011,
16303964,,EM:00011,
10932192,,EM:00012,
10886017,,EM:00012,
10932192,,EM:00013,
10886017,,EM:00013,
10932192,,EM:00014,
10886017,,EM:00014,
10932192,,EM:00015,
10886017,,EM:00015,
10932192,,EM:00016,
10886017,,EM:00016,
10932192,,EM:00017,
10886017,,EM:00017,
10932192,,EM:00018,
10886017,,EM:00018,
10932192,,EM:00019,
10886017,,EM:00019,
10932192,,EM:00020,
10886017,,EM:00020,
10932192,,EM:00021,
10886017,,EM:00021,
12124943,,EM:00022,
7525597,,EM:00023,
10069372,,EM:00024,
10069372,,EM:00025,
10069372,,EM:00026,
10940882,,EM:00027,
1418983,,EM:00028,
2112266,,EM:00029,
8097430,,EM:00030,
4553851,,EM:00032,
10932192,,EM:00033,
11850623,,EM:00033,
10886017,,EM:00033,
16648588,,EM:00033,
47892,,EM:00034,
326565,,EM:00035,
7511063,,EM:00036,
1777011,,EM:00037,
9498115,,EM:00038,
1604321,,EM:00041,
11118882,,EM:00042,
10932192,,EM:00043,
10886017,,EM:00043,
12196292,,EM:00044,
8223444,,EM:00046,
7588594,,EM:00047,
7534202,,EM:00048,
10842202,,EM:00049,
10982830,,EM:00050,
1380723,,EM:00051,
10714686,,EM:00052,
9639496,,EM:00053,
9989983,,EM:00053,
10805752,,EM:00055,
12871640,,EM:00055,
8635458,,EM:00056,
10932191,,EM:00057,
9062079,,EM:00058,
10932192,,EM:00059,
12533510,,EM:00059,
10886017,,EM:00059,
10932192,,EM:00060,
12533510,,EM:00060,
10886017,,EM:00060,
18641651,,EM:00060,
10932192,,EM:00061,
12533510,,EM:00061,
10886017,,EM:00061,
10932192,,EM:00062,
12533510,,EM:00062,
10886017,,EM:00062,
10932192,,EM:00063,
12533510,,EM:00063,
10886017,,EM:00063,
8635458,,EM:00064,
9012509,,EM:00065,
10625534,,EM:00066,
10932191,,EM:00067,
12847088,,EM:00069,
12847088,,EM:00070,
9409663,,EM:00071,
12766770,,EM:00072,
3377761,,EM:00073,
10714686,,EM:00074,
10714686,,EM:00075,
10932191,,EM:00076,
10932191,,EM:00077,
10932191,,EM:00078,
10932191,,EM:00079,
10932191,,EM:00080,
10932191,,EM:00081,
10932191,,EM:00082,
10932191,,EM:00083,
10932191,,EM:00084,
10932191,,EM:00085,
10932191,,EM:00086,
10932191,,EM:00087,
10932191,,EM:00089,
10932191,,EM:00090,
10932191,,EM:00091,
10932191,,EM:00092,
10932191,,EM:00093,
10932191,,EM:00094,
10932191,,EM:00095,
10932191,,EM:00096,
10932191,,EM:00097,
17539739,,EM:00097,
10932191,,EM:00098,
10932191,,EM:00099,
10932191,,EM:00100,
10932191,,EM:00101,
10932191,,EM:00102,
10932191,,EM:00103,
10932191,,EM:00104,
10932191,,EM:00105,
10932191,,EM:00106,
10932191,,EM:00107,
10932191,,EM:00108,
9160879,,EM:00109,
7555718,,EM:00110,
7556916,,EM:00111,
10654595,,EM:00112,
3260350,,EM:00113,
3260351,,EM:00113,
11929848,,EM:00114,
10875258,,EM:00115,
12483226,,EM:00115,
9626493,,EM:00116,
10932192,,EM:00117,
10886017,,EM:00117,
10932192,,EM:00118,
10886017,,EM:00118,
10932192,,EM:00119,
10886017,,EM:00119,
9348347,,EM:00121,
9338787,,EM:00122,
8962125,,EM:00123,
8962125,,EM:00124,
8962125,,EM:00125,
8962125,,EM:00126,
9472069,,EM:00127,
9472069,,EM:00128,
11929848,,EM:00129,
9130661,,EM:00130,
7627093,,EM:00131,
9626500,,EM:00132,
10881175,,EM:00133,
12528182,,EM:00134,
4553851,,EM:00135,
10199917,,EM:00136,
10049566,,EM:00137,
7867493,,EM:00137,
10545116,,EM:00138,
10654596,,EM:00139,
9590297,,EM:00141,
10932191,,EM:00142,
9314549,,EM:00143,
10932191,,EM:00144,
10932191,,EM:00145,
10932191,,EM:00146,
10932191,,EM:00147,
10932191,,EM:00148,
10932191,,EM:00149,
10932191,,EM:00150,
10932191,,EM:00151,
10932191,,EM:00152,
10932191,,EM:00153,
10932191,,EM:00154,
10932191,,EM:00155,
10932191,,EM:00156,
1373228,,EM:00158,
9585239,,EM:00159,
9585239,,EM:00160,
1547487,,EM:00161,
1547487,,EM:00162,
1547487,,EM:00163,
1547487,,EM:00164,
12556486,,EM:00165,
10932192,,EM:00166,
10886017,,EM:00166,
11900971,,EM:00167,
10932192,,EM:00168,
17612398,,EM:00168,
10886017,,EM:00168,
10932192,,EM:00169,
17612398,,EM:00169,
10886017,,EM:00169,
10932191,,EM:00170,
10932192,,EM:00171,
17612398,,EM:00171,
10886017,,EM:00171,
8628313,,EM:00172,
4274920,,EM:00173,
11070163,,EM:00174,
10097150,,EM:00176,
10097150,,EM:00177,
10097150,,EM:00178,
10097150,,EM:00179,
8635458,,EM:00180,
8635458,,EM:00181,
10940882,,EM:00182,
9697704,,EM:00183,
10932192,,EM:00184,
10900098,,EM:00184,
18833301,,EM:00184,
10886017,,EM:00184,
11084655,,EM:00185,
9223320,,EM:00186,
10932191,,EM:00187,
10932192,,EM:00188,
10886017,,EM:00188,
7925269,,EM:00189,
7581518,,EM:00189,
10660046,,EM:00190,
12904583,,EM:00190,
10932192,,EM:00191,
10886017,,EM:00191,
10932192,,EM:00192,
10886017,,EM:00192,
10932192,,EM:00193,
10886017,,EM:00193,
10932192,,EM:00194,
10886017,,EM:00194,
12072567,,EM:00195,
7744068,,EM:00196,
10932192,,EM:00199,
11259677,,EM:00199,
10886017,,EM:00199,
10932192,,EM:00200,
10886017,,EM:00200,
10932192,,EM:00201,
12533510,,EM:00201,
10886017,,EM:00201,
10932192,,EM:00202,
12533510,,EM:00202,
10886017,,EM:00202,
10932192,,EM:00203,
10886017,,EM:00203,
9815260,,EM:00204,
11118882,,EM:00205,
10932192,,EM:00206,
10886017,,EM:00206,
15081122,,EM:00206,
10606627,,EM:00207,
9133542,,EM:00208,
8409455,,EM:00209,
7608573,,EM:00210,
11042687,,EM:00211,
11520455,,EM:00212,
8258349,,EM:00213,
9815260,,EM:00214,
12055208,,EM:00215,
9725204,,EM:00216,
14746909,,EM:00217,
14746909,,EM:00218,
14746909,,EM:00219,
14746909,,EM:00220,
9508777,,EM:00229,
8790370,,EM:00243,
12805295,,EM:00244,
12121617,,EM:00245,
12620975,,EM:00247,
14625444,,EM:00247,
11474576,,EM:00248,
12520087,,EM:00248,
11786382,,EM:00248,
11041516,,EM:00250,
11948670,,EM:00253,
15452869,,EM:00254,
10601036,,EM:00274,
7247935,,EM:00302,
8224816,,EM:00302,
3595765,,EM:00302,
7534515,,EM:00302,
9450754,,EM:00303,
10518543,,EM:00304,
15148307,,EM:00313,
15148307,,EM:00314,
15148307,,EM:00315,
12565882,,EM:00316,
12490528,,EM:00323,
11237463,,EM:00324,
11487627,,EM:00326,
11135457,,EM:00327,
10996788,,EM:00328,
12840073,,EM:00330,
10976050,,EM:00331,
10932192,,EM:00337,
10886017,,EM:00337,
10932192,,EM:00338,
10886017,,EM:00338,
10932192,,EM:00340,
10886017,,EM:00340,
10932192,,EM:00341,
10886017,,EM:00341,
10932192,,EM:00342,
10886017,,EM:00342,
10932192,,EM:00343,
10886017,,EM:00343,
10932192,,EM:00344,
10886017,,EM:00344,
10932192,,EM:00345,
10886017,,EM:00345,
10932192,,EM:00346,
10886017,,EM:00346,
10932192,,EM:00347,
10886017,,EM:00347,
10932192,,EM:00348,
10886017,,EM:00348,
10932192,,EM:00349,
10886017,,EM:00349,
10932192,,EM:00350,
10886017,,EM:00350,
10932192,,EM:00351,
10886017,,EM:00351,
10932192,,EM:00352,
10886017,,EM:00352,
10932192,,EM:00353,
10886017,,EM:00353,
10932192,,EM:00354,
10886017,,EM:00354,
10932192,,EM:00355,
10886017,,EM:00355,
10932192,,EM:00356,
10886017,,EM:00356,
10932192,,EM:00357,
10886017,,EM:00357,
10932192,,EM:00358,
10886017,,EM:00358,
10932192,,EM:00359,
10886017,,EM:00359,
10932192,,EM:00362,
10886017,,EM:00362,
10932192,,EM:00363,
10886017,,EM:00363,
10932192,,EM:00364,
10886017,,EM:00364,
10932192,,EM:00365,
10886017,,EM:00365,
10932192,,EM:00366,
10886017,,EM:00366,
10932192,,EM:00367,
10886017,,EM:00367,
10932192,,EM:00368,
10886017,,EM:00368,
10932192,,EM:00371,
10886017,,EM:00371,
10932192,,EM:00372,
10886017,,EM:00372,
10932192,,EM:00373,
10886017,,EM:00373,
12471059,,EM:00389,
12471059,,EM:00390,
10590056,,EM:00393,
14578191,,EM:00396,
12686114,,EM:00396,
8895507,,EM:00397,
10327060,,EM:00401,
9862638,,EM:00403,
9425233,,EM:00403,
9384607,,EM:00403,
9742145,,EM:00403,
9930336,,EM:00403,
10480438,,EM:00403,
12466566,,EM:00404,
12874458,,EM:00404,
10859354,,EM:00404,
12091320,,EM:00406,
11544530,,EM:00407,
10887156,,EM:00408,
11641780,,EM:00409,
17456738,,EM:00410,
10783170,,EM:00411,
1990273,,EM:00412,
10932192,,EM:00421,
10886017,,EM:00421,
15579444,,EM:00430,
10783170,,EM:00432,
11694875,,EM:00432,
10783170,,EM:00433,
9671308,,EM:00434,
11544530,,EM:00435,
11035061,,EM:00454,
11970866,,EM:00571,
11830579,,EM:00584,
10805752,,EM:00591,
1659665,,EM:00592,
12704806,,EM:00596,
14517273,,EM:00602,
11859372,,EM:00602,
11709185,,EM:00602,
11301022,,EM:00602,
10576740,,EM:00602,
10686615,,EM:00603,
11171372,,EM:00606,
10357937,,EM:00608,
16368758,,EM:00610,
9539763,,EM:00611,
8756287,,EM:00620,
8626040,,EM:00621,
12203917,,EM:00715,
9812897,,EM:00716,
11414787,,EM:00716,
10531433,,EM:00716,
11056469,,EM:00716,
11449000,,EM:00728,
15730345,,EM:00733,
10932192,,EM:00747,
10886017,,EM:00747,
10932192,,EM:00749,
10886017,,EM:00749,
12466566,,EM:00753,
11069887,,EM:00755,
11301001,,EM:00756,
8575306,,EM:00776,
8951055,,EM:00776,
10354469,,EM:00776,
11003833,,EM:00776,
10932192,,EM:00788,
10886017,,EM:00788,
12223410,,EM:00998,
9753320,,EM:01017,
10779766,,EM:01097,
15284291,,EM:01098,
8513499,,EM:01127,
15083518,,EM:01131,
10608876,,EM:01133,
8559668,,EM:01135,
10571233,,EM:01137,
11728338,,EM:01139,
7660125,,EM:01143,
10621974,,EM:01145,
9092650,,EM:01147,
8559668,,EM:01149,
9728905,,EM:01151,
9489697,,EM:01152,
9489698,,EM:01152,
11668676,,EM:01153,
18501428,,EM:01155,
18560421,,EM:01155,
19692705,,EM:01156,
12485423,,EM:01161,
9284099,,EM:01161,
469229,,EM:01162,
10199917,,EM:01163,
12389029,,EM:01164,
14724733,,EM:01165,
8752833,,EM:01169,
12705872,,EM:01169,
10932191,,EM:01170,
15082795,,EM:01172,
11371649,,EM:01183,
10932191,,EM:01188,
10932191,,EM:01189,
10932191,,EM:01190,
2230651,,EM:01191,
12529388,,EM:01194,
11902682,,EM:01216,
9144203,,EM:01217,
9144203,,EM:01218,
9144203,,EM:01219,
11902682,,EM:01220,
11902682,,EM:01221,
8900279,,EM:01222,
9250683,,EM:01222,
8978698,,EM:01223,
8978698,,EM:01224,
8787740,,EM:01225,
12403721,,EM:01226,
12432383,,EM:01227,
12432383,,EM:01228,
12432383,,EM:01229,
12432383,,EM:01230,
12432383,,EM:01231,
12432383,,EM:01232,
12432383,,EM:01233,
12432383,,EM:01234,
12432383,,EM:01235,
8754686,,EM:01236,
7558023,,EM:01237,
7558023,,EM:01238,
11893245,,EM:01239,
11893245,,EM:01240,
11893245,,EM:01241,
11893245,,EM:01242,
14701744,,EM:01244,
7558023,,EM:01245,
7558023,,EM:01246,
10932191,,EM:01247,
10932191,,EM:01248,
10932192,,EM:01250,
10886017,,EM:01250,
10932192,,EM:01252,
10886017,,EM:01252,
10932192,,EM:01253,
10886017,,EM:01253,
10932192,,EM:01254,
10886017,,EM:01254,
10932192,,EM:01255,
10886017,,EM:01255,
14962903,,EM:01256,
10932192,,EM:01257,
10886017,,EM:01257,
10932192,,EM:01258,
10886017,,EM:01258,
10932192,,EM:01259,
10886017,,EM:01259,
10932192,,EM:01260,
10886017,,EM:01260,
10932192,,EM:01261,
10886017,,EM:01261,
10932192,,EM:01262,
10886017,,EM:01262,
10932192,,EM:01263,
10886017,,EM:01263,
10932192,,EM:01264,
10886017,,EM:01264,
10932192,,EM:01265,
16528356,,EM:01265,
10886017,,EM:01265,
10932192,,EM:01266,
10886017,,EM:01266,
10932192,,EM:01267,
10886017,,EM:01267,
10932192,,EM:01268,
10886017,,EM:01268,
10932192,,EM:01269,
10886017,,EM:01269,
10932192,,EM:01270,
10886017,,EM:01270,
10932192,,EM:01271,
10886017,,EM:01271,
10932192,,EM:01272,
10886017,,EM:01272,
10932192,,EM:01273,
10886017,,EM:01273,
10932192,,EM:01274,
10886017,,EM:01274,
24895407,,EM:01274,
29775486,,EM:01274,
10932192,,EM:01275,
10886017,,EM:01275,
10932192,,EM:01277,
10886017,,EM:01277,
10932192,,EM:01278,
10886017,,EM:01278,
25951169,,EM:01278,
29327260,,EM:01278,
10932192,,EM:01280,
10886017,,EM:01280,
10932192,,EM:01281,
10886017,,EM:01281,
10932192,,EM:01282,
10886017,,EM:01282,
10932192,,EM:01283,
10886017,,EM:01283,
10932191,,EM:01284,
10932191,,EM:01285,
10932191,,EM:01286,
10932191,,EM:01287,
10932191,,EM:01288,
15207855,,EM:01289,
10932191,,EM:01290,
10932191,,EM:01291,
11929848,,EM:01292,
11929848,,EM:01293,
11929848,,EM:01294,
11929848,,EM:01295,
12833159,,EM:01296,
15347804,,EM:01298,
14586401,,EM:01299,
11850622,,EM:01300,
22723298,,EM:01301,
7558023,,EM:01302,
7558023,,EM:01303,
7558023,,EM:01304,
10932191,,EM:01305,
10932191,,EM:01306,
10932191,,EM:01308,
9321462,,EM:01315,
7324900,,EM:01315,
11950537,,EM:01315,
16730938,,EM:01315,
12485622,,EM:01315,
8820880,,EM:01315,
9321462,,EM:01316,
10932191,,EM:01317,
10932192,,EM:01318,
10886017,,EM:01318,
17143583,,EM:01318,
10932192,,EM:01319,
10886017,,EM:01319,
17143583,,EM:01319,
9895323,,EM:01320,
10395784,,EM:01320,
11779807,,EM:01322,
11779807,,EM:01323,
11779807,,EM:01324,
11779807,,EM:01325,
11779807,,EM:01326,
11779807,,EM:01327,
11779807,,EM:01328,
11779807,,EM:01329,
11779807,,EM:01330,
1684639,,EM:01331,
10218442,,EM:01337,
15342956,,EM:01337,
10932192,,EM:01338,
10886017,,EM:01338,
9510033,,EM:01344,
9510033,,EM:01346,
11520676,,EM:01347,
21268010,,EM:01349,
8026530,,EM:01351,
15310853,,EM:01353,
9927422,,EM:01357,
12746331,,EM:01362,
9862356,,EM:01364,
9862356,,EM:01365,
7989750,,EM:01366,
3785166,,EM:01367,
1936120,,EM:01369,
8548286,,EM:01369,
11207259,,EM:01369,
9754556,,EM:01369,
1936120,,EM:01370,
8548286,,EM:01371,
11207259,,EM:01371,
12595570,,EM:01372,
15550623,,EM:01373,
12391198,,EM:01374,
12391198,,EM:01375,
1143086,,EM:01377,
9328352,,EM:01378,
10622746,,EM:01379,
19283781,,EM:01380,
9501070,,EM:01381,
10364424,,EM:01382,
15469977,,EM:01383,
12782272,,EM:01384,
12819299,,EM:01384,
12023979,,EM:01385,
10487771,,EM:01385,
15870291,,EM:01385,
12782272,,EM:01386,
12819299,,EM:01386,
12782272,,EM:01387,
12819299,,EM:01387,
12023979,,EM:01388,
10487771,,EM:01388,
15870291,,EM:01388,
9207797,,EM:01389,
10704835,,EM:01389,
4959665,,EM:01390,
11489951,,EM:01390,
11723074,,EM:01392,
11016460,,EM:01392,
11489951,,EM:01393,
8906852,,EM:01393,
12086944,,EM:01398,
15561967,,EM:01398,
12086944,,EM:01399,
15561967,,EM:01399,
15561967,,EM:01400,
15561967,,EM:01401,
12086944,,EM:01406,
15561967,,EM:01406,
12676559,,EM:01415,
12815365,,EM:01416,
14573616,,EM:01417,
15878856,,EM:01417,
16443786,,EM:01417,
8754850,,EM:01418,
12511592,,EM:01419,
11058142,,EM:01419,
12511592,,EM:01420,
11058142,,EM:01420,
11981757,,EM:01420,
16507599,,EM:01421,
14764677,,EM:01422,
11163193,,EM:01423,
12516542,,EM:01423,
10634790,,EM:01424,
10896255,,EM:01424,
11934865,,EM:01424,
14530327,,EM:01424,
1242031,,EM:01424,
11805154,,EM:01424,
14528020,,EM:01424,
12904583,,EM:01515,
11704680,,EM:01515,
8227358,,EM:01515,
12904583,,EM:01516,
12904583,,EM:01517,
11997514,,EM:01517,
14993289,,EM:01518,
12084726,,EM:01518,
12058012,,EM:01518,
11161719,,EM:01518,
10984098,,EM:01518,
9880673,,EM:01518,
15820307,,EM:01541,
8189541,,EM:01631,
11297678,,EM:01631,
10333528,,EM:01636,
12032072,,EM:01636,
14754511,,EM:01636,
1909605,,EM:01638,
8258349,,EM:01638,
2360047,,EM:01638,
22194846,,EM:01640,
20033184,,EM:01641,
11694875,,EM:01642,
15282340,,EM:01643,
15147297,,EM:01644,
17070800,,EM:01645,
15116387,,EM:01646,
15659592,,EM:01647,
11489951,,EM:01648,
8906852,,EM:01648,
12960309,,EM:01648,
10932192,,EM:01650,
10886017,,EM:01650,
10932192,,EM:01651,
10886017,,EM:01651,
10932192,,EM:01652,
10886017,,EM:01652,
10932192,,EM:01653,
10886017,,EM:01653,
10932192,,EM:01654,
10886017,,EM:01654,
10932192,,EM:01655,
10886017,,EM:01655,
10932192,,EM:01656,
10886017,,EM:01656,
10932192,,EM:01660,
10886017,,EM:01660,
10932192,,EM:01663,
10886017,,EM:01663,
15389316,,EM:01663,
19463703,,EM:01663,
20043895,,EM:01663,
10932192,,EM:01664,
10886017,,EM:01664,
10932192,,EM:01665,
10886017,,EM:01665,
10932192,,EM:01666,
10886017,,EM:01666,
10932192,,EM:01668,
10886017,,EM:01668,
10932192,,EM:01670,
10886017,,EM:01670,
10932192,,EM:01671,
10886017,,EM:01671,
10932192,,EM:01672,
10886017,,EM:01672,
10932192,,EM:01674,
10886017,,EM:01674,
10932192,,EM:01675,
10886017,,EM:01675,
10932192,,EM:01676,
10886017,,EM:01676,
10932191,,EM:01695,
11929848,,EM:01696,
10932191,,EM:01700,
10932191,,EM:01701,
10932192,,EM:01705,
15181535,,EM:01705,
10886017,,EM:01705,
9238094,,EM:01706,
8812411,,EM:01706,
6877261,,EM:01706,
11121426,,EM:01708,
15286800,,EM:01709,
11160299,,EM:01711,
11981757,,EM:01713,
14724179,,EM:01713,
2296722,,EM:01715,
10932191,,EM:01717,
14749380,,EM:01718,
7999308,,EM:01719,
11839820,,EM:01720,
7937980,,EM:01721,
12743602,,EM:01721,
15471946,,EM:01722,
1373228,,EM:01723,
2296722,,EM:01724,
15710876,,EM:01724,
10932191,,EM:01725,
11869679,,EM:01726,
16272304,,EM:01734,
15123678,,EM:01735,
8666928,,EM:01736,
8832890,,EM:01737,
10377151,,EM:01737,
11119565,,EM:01737,
11408584,,EM:01740,
11408568,,EM:01741,
12077355,,EM:01741,
15482487,,EM:01741,
9508776,,EM:01743,
11013209,,EM:01743,
11911824,,EM:01744,
8769481,,EM:01745,
11911824,,EM:01746,
6801109,,EM:01747,
1793673,,EM:01747,
16025116,,EM:01747,
7558023,,EM:01748,
12191765,,EM:01749,
11713477,,EM:01749,
10830167,,EM:01749,
8858146,,EM:01749,
9924800,,EM:01750,
927453,,EM:01750,
8419340,,EM:01750,
10932192,,EM:01751,
10886017,,EM:01751,
10932192,,EM:01752,
10886017,,EM:01752,
10932192,,EM:01753,
10886017,,EM:01753,
10932192,,EM:01754,
10886017,,EM:01754,
10932192,,EM:01755,
10886017,,EM:01755,
10932192,,EM:01756,
10886017,,EM:01756,
10932192,,EM:01757,
10886017,,EM:01757,
10932192,,EM:01758,
10886017,,EM:01758,
10932192,,EM:01759,
10886017,,EM:01759,
10932192,,EM:01760,
10886017,,EM:01760,
10932192,,EM:01761,
10886017,,EM:01761,
10932192,,EM:01762,
10886017,,EM:01762,
10932192,,EM:01763,
10886017,,EM:01763,
12432383,,EM:01764,
8188247,,EM:01766,
10094559,,EM:01766,
10932192,,EM:01767,
10886017,,EM:01767,
10932192,,EM:01768,
10886017,,EM:01768,
10932192,,EM:01769,
10886017,,EM:01769,
10932192,,EM:01770,
10886017,,EM:01770,
11106739,,EM:01771,
11242108,,EM:01771,
11807770,,EM:01771,
12644952,,EM:01771,
15640358,,EM:01771,
16055729,,EM:01771,
1968049,,EM:01771,
11157052,,EM:01772,
12447443,,EM:01772,
12689591,,EM:01772,
16000625,,EM:01772,
11157052,,EM:01773,
12447443,,EM:01773,
10021384,,EM:01773,
11920420,,EM:01773,
10932192,,EM:01774,
10886017,,EM:01774,
10932192,,EM:01775,
10886017,,EM:01775,
10932192,,EM:01776,
10886017,,EM:01776,
10932192,,EM:01777,
10886017,,EM:01777,
10932192,,EM:01778,
10886017,,EM:01778,
10932192,,EM:01779,
10886017,,EM:01779,
9130661,,EM:01780,
7588062,,EM:01781,
11171400,,EM:01781,
8841200,,EM:01782,
9477321,,EM:01782,
15468058,,EM:01783,
18713466,,EM:01784,
7499425,,EM:01784,
8390039,,EM:01785,
9572491,,EM:01785,
11402328,,EM:01785,
15662539,,EM:01785,
11402328,,EM:01786,
11402328,,EM:01787,
12771941,,EM:01788,
15790973,,EM:01789,
11809809,,EM:01789,
16291591,,EM:01790,
1896073,,EM:01791,
11937580,,EM:01791,
12556410,,EM:01792,
17828260,,EM:01793,
16319924,,EM:01794,
16319924,,EM:01795,
7916164,,EM:01796,
12086944,,EM:01797,
15561967,,EM:01797,
1896073,,EM:01797,
11937580,,EM:01797,
16352739,,EM:01800,
16352739,,EM:01801,
8110465,,EM:01802,
9468135,,EM:01802,
15289271,,EM:01802,
9133426,,EM:01803,
8110465,,EM:01804,
9468135,,EM:01804,
15289271,,EM:01804,
10504710,,EM:01806,
11336668,,EM:01806,
10504710,,EM:01807,
9875844,,EM:01807,
17591625,,EM:01808,
19783846,,EM:01812,
16291591,,EM:01813,
15477348,,EM:01813,
12486104,,EM:01813,
15477350,,EM:01813,
15899851,,EM:01813,
12514734,,EM:01813,
8548803,,EM:01814,
10894929,,EM:01814,
18474226,,EM:01814,
14610046,,EM:01815,
16249387,,EM:01815,
14610044,,EM:01815,
3796661,,EM:01816,
2344351,,EM:01816,
8417789,,EM:01816,
17452094,,EM:01817,
20049712,,EM:01817,
22745500,,EM:01817,
14660671,,EM:01818,
15894281,,EM:01819,
11063250,,EM:01820,
10655058,,EM:01820,
11063250,,EM:01821,
10655058,,EM:01821,
15894281,,EM:01822,
15199135,,EM:01823,
12805223,,EM:01824,
16244655,,EM:01825,
16244655,,EM:01826,
16413924,,EM:01827,
15186779,,EM:01827,
12805223,,EM:01828,
16244655,,EM:01831,
12805223,,EM:01836,
15888663,,EM:01837,
15229245,,EM:01838,
16289584,,EM:01839,
10932191,,EM:01841,
10932191,,EM:01842,
15161764,,EM:01842,
10932191,,EM:01843,
12925882,,EM:01843,
10932191,,EM:01844,
8832890,,EM:01846,
11403965,,EM:01847,
10391218,,EM:01848,
10932191,,EM:01849,
10932191,,EM:01850,
11641716,,EM:01850,
10932191,,EM:01851,
11641716,,EM:01851,
10932191,,EM:01852,
11641716,,EM:01852,
10932191,,EM:01853,
11641716,,EM:01853,
10932192,,EM:01855,
10886013,,EM:01855,
10886016,,EM:01855,
11187959,,EM:01855,
10886017,,EM:01855,
10932192,,EM:01856,
10886013,,EM:01856,
10886016,,EM:01856,
11187959,,EM:01856,
10932191,,EM:01857,
11641716,,EM:01857,
10932191,,EM:01858,
11641716,,EM:01858,
10932191,,EM:01859,
11641716,,EM:01859,
10932192,,EM:01860,
10886013,,EM:01860,
10886016,,EM:01860,
11187959,,EM:01860,
10932192,,EM:01861,
10886013,,EM:01861,
10886016,,EM:01861,
11187959,,EM:01861,
10932192,,EM:01862,
10886013,,EM:01862,
10886016,,EM:01862,
11187959,,EM:01862,
10932192,,EM:01863,
10886013,,EM:01863,
10886016,,EM:01863,
11187959,,EM:01863,
10932192,,EM:01864,
10886013,,EM:01864,
10886016,,EM:01864,
11187959,,EM:01864,
10932192,,EM:01865,
10886013,,EM:01865,
10886016,,EM:01865,
11187959,,EM:01865,
10932192,,EM:01866,
10886013,,EM:01866,
10886016,,EM:01866,
11187959,,EM:01866,
16459298,,EM:01867,
10932191,,EM:01868,
11641716,,EM:01868,
10932192,,EM:01869,
10886013,,EM:01869,
10886016,,EM:01869,
11187959,,EM:01869,
10886017,,EM:01869,
16303751,,EM:01874,
10950924,,EM:01874,
16314073,,EM:01875,
7873885,,EM:01875,
8946173,,EM:01875,
7607680,,EM:01875,
10644678,,EM:01875,
10932191,,EM:01876,
11641716,,EM:01876,
10932191,,EM:01877,
11641716,,EM:01877,
10932191,,EM:01878,
11641716,,EM:01878,
10932191,,EM:01879,
10932191,,EM:01880,
10932191,,EM:01881,
8733121,,EM:01883,
9467003,,EM:01883,
10932191,,EM:01887,
3796661,,EM:01888,
2040452,,EM:01888,
7739600,,EM:01888,
3796661,,EM:01889,
2040452,,EM:01889,
7739600,,EM:01889,
3796661,,EM:01890,
2040452,,EM:01890,
7739600,,EM:01890,
10932191,,EM:01893,
10932191,,EM:01894,
12672078,,EM:01895,
10932191,,EM:01896,
10932191,,EM:01897,
10932191,,EM:01900,
10932191,,EM:01901,
10932191,,EM:01902,
10932191,,EM:01903,
10932191,,EM:01904,
10932191,,EM:01905,
10932191,,EM:01906,
10932191,,EM:01907,
11929848,,EM:01908,
3796661,,EM:01910,
2040452,,EM:01910,
10886019,,EM:01910,
2040452,,EM:01911,
3960038,,EM:01911,
16435366,,EM:01913,
16449318,,EM:01914,
16571663,,EM:01915,
10949025,,EM:01916,
7835338,,EM:01916,
15761846,,EM:01919,
9586634,,EM:01920,
16413924,,EM:01921,
12075355,,EM:01921,
12235208,,EM:01921,
14499113,,EM:01921,
14561702,,EM:01921,
15070758,,EM:01921,
15265889,,EM:01921,
15776110,,EM:01921,
16286924,,EM:01921,
16397523,,EM:01921,
17082241,,EM:01922,
11239429,,EM:01923,
16041369,,EM:01924,
20680010,,EM:01925,
16041369,,EM:01926,
16291591,,EM:01941,
15477348,,EM:01941,
12970761,,EM:01941,
15470052,,EM:01941,
16102570,,EM:01941,
11929848,,EM:01942,
20943750,,EM:01942,
10932191,,EM:01943,
14567972,,EM:01943,
10932191,,EM:01944,
18209052,,EM:01945,
3796661,,EM:01946,
1802805,,EM:01946,
10932191,,EM:01948,
10932191,,EM:01949,
10932191,,EM:01950,
10932191,,EM:01951,
17612398,,EM:01957,
19546318,,EM:01958,
16741123,,EM:01967,
15289505,,EM:01968,
8879212,,EM:01969,
16428431,,EM:01970,
9729046,,EM:01971,
11937519,,EM:01972,
12932354,,EM:01972,
11937519,,EM:01973,
10932191,,EM:01974,
10932191,,EM:01975,
10932191,,EM:01976,
10932191,,EM:01977,
12477932,,EM:01978,
14621295,,EM:01978,
11591653,,EM:01978,
12477932,,EM:01979,
14621295,,EM:01979,
11591653,,EM:01979,
15343335,,EM:01980,
15343335,,EM:01981,
8262064,,EM:01985,
7925385,,EM:01985,
11161467,,EM:01986,
9356508,,EM:01986,
12065666,,EM:01986,
19783846,,EM:01987,
11592076,,EM:01988,
42904,,EM:01988,
42904,,EM:01989,
10859330,,EM:01990,
11721059,,EM:01990,
9661074,,EM:01990,
11342566,,EM:01990,
10859330,,EM:01991,
11721059,,EM:01991,
9661074,,EM:01991,
11342566,,EM:01991,
10859330,,EM:01992,
11721059,,EM:01992,
9661074,,EM:01992,
11342566,,EM:01992,
11721059,,EM:01993,
9661074,,EM:01993,
11342566,,EM:01993,
10859330,,EM:01994,
10859330,,EM:01995,
10859330,,EM:01996,
10859330,,EM:01997,
10859330,,EM:01998,
1431091,,EM:01998,
2296722,,EM:02000,
10859330,,EM:02001,
2296722,,EM:02001,
2296722,,EM:02002,
9661074,,EM:02002,
11544477,,EM:02013,
3796661,,EM:02014,
10886019,,EM:02014,
16207730,,EM:02016,
16517118,,EM:02016,
1547487,,EM:02017,
10859330,,EM:02018,
10859330,,EM:02019,
1547487,,EM:02020,
10859330,,EM:02020,
1547487,,EM:02021,
1547487,,EM:02022,
10859330,,EM:02022,
10859330,,EM:02024,
10859330,,EM:02025,
15987683,,EM:02029,
16983719,,EM:02030,
12679034,,EM:02031,
11557757,,EM:02038,
11511362,,EM:02038,
12067065,,EM:02038,
12851404,,EM:02038,
16521180,,EM:02038,
17242209,,EM:02038,
7565681,,EM:02054,
8596039,,EM:02054,
9859221,,EM:02054,
14634206,,EM:02054,
10932191,,EM:02055,
10932191,,EM:02056,
11356871,,EM:02057,
11356871,,EM:02058,
11356871,,EM:02059,
1423598,,EM:02060,
10702423,,EM:02060,
1423598,,EM:02063,
9119016,,EM:02063,
1423598,,EM:02064,
11113189,,EM:02064,
1423598,,EM:02065,
7695179,,EM:02065,
1423598,,EM:02066,
7695179,,EM:02066,
3796661,,EM:02067,
12748289,,EM:02068,
14962901,,EM:02068,
12748289,,EM:02069,
14962901,,EM:02069,
12748289,,EM:02070,
14962901,,EM:02070,
12748289,,EM:02071,
14962901,,EM:02071,
15459172,,EM:02072,
16773570,,EM:02072,
10428828,,EM:02073,
12865258,,EM:02073,
15878951,,EM:02073,
10428828,,EM:02074,
12865258,,EM:02074,
15878951,,EM:02074,
16839884,,EM:02075,
16839884,,EM:02076,
9092650,,EM:02077,
8513499,,EM:02078,
10859330,,EM:02079,
18216204,,EM:02080,
8114940,,EM:02081,
8674430,,EM:02081,
18216204,,EM:02081,
10932192,,EM:02082,
10886017,,EM:02082,
10932192,,EM:02083,
10886017,,EM:02083,
10932192,,EM:02084,
10886017,,EM:02084,
10932192,,EM:02085,
10886017,,EM:02085,
10932192,,EM:02086,
10886017,,EM:02086,
10932192,,EM:02087,
10886017,,EM:02087,
10932192,,EM:02088,
10886017,,EM:02088,
10932192,,EM:02089,
10886017,,EM:02089,
10932192,,EM:02090,
10886017,,EM:02090,
10932192,,EM:02091,
10886017,,EM:02091,
10932192,,EM:02092,
10886017,,EM:02092,
10932192,,EM:02093,
10886017,,EM:02093,
10932192,,EM:02094,
10886017,,EM:02094,
10932192,,EM:02095,
10886017,,EM:02095,
10932192,,EM:02097,
10886017,,EM:02097,
10932192,,EM:02098,
10886017,,EM:02098,
21047530,,EM:02099,
9109488,,EM:02104,
19562077,,EM:02104,
2125367,,EM:02105,
8456300,,EM:02106,
21378751,,EM:02108,
21378751,,EM:02109,
18077389,,EM:02110,
25896912,,EM:02111,
17171761,,EM:02112,
12508235,,EM:02115,
11744379,,EM:02116,
12574352,,EM:02117,
12871639,,EM:02117,
2344351,,EM:02118,
8417789,,EM:02118,
15198122,,EM:02119,
10517636,,EM:02121,
10517636,,EM:02122,
11726551,,EM:02122,
16684884,,EM:02122,
9604929,,EM:02123,
10471508,,EM:02124,
17683525,,EM:02125,
11857809,,EM:02126,
17074316,,EM:02128,
16284121,,EM:02128,
17656109,,EM:02129,
11865068,,EM:02133,
15175244,,EM:02135,
17074316,,EM:02135,
16141220,,EM:02135,
16914493,,EM:02135,
16284121,,EM:02135,
16914493,,EM:02136,
11242049,,EM:02137,
11971873,,EM:02137,
12913075,,EM:02137,
21858002,,EM:02138,
21131290,,EM:02138,
19698141,,EM:02138,
14573616,,EM:02139,
15878856,,EM:02139,
15878932,,EM:02139,
16847342,,EM:02139,
16184193,,EM:02139,
16443786,,EM:02139,
10534617,,EM:02140,
15681612,,EM:02140,
15681612,,EM:02141,
15681612,,EM:02142,
15681612,,EM:02143,
18724376,,EM:02144,
10932191,,EM:02145,
3796661,,EM:02147,
3796661,,EM:02148,
3796661,,EM:02149,
17201924,,EM:02150,
11967539,,EM:02150,
11967539,,EM:02151,
17035534,,EM:02152,
11546838,,EM:02153,
11546838,,EM:02154,
11546838,,EM:02155,
10932191,,EM:02158,
10932191,,EM:02159,
10932191,,EM:02160,
10932191,,EM:02161,
10932191,,EM:02162,
10932191,,EM:02163,
10932191,,EM:02164,
10932191,,EM:02165,
10932191,,EM:02166,
10932191,,EM:02167,
15917799,,EM:02168,
12871645,,EM:02169,
10932191,,EM:02171,
15175240,,EM:02172,
12818157,,EM:02174,
10932191,,EM:02176,
10932191,,EM:02177,
10932191,,EM:02178,
10932191,,EM:02179,
10932191,,EM:02180,
10932191,,EM:02181,
10932191,,EM:02182,
10559520,,EM:02188,
10974047,,EM:02188,
11116059,,EM:02188,
15576846,,EM:02189,
8982171,,EM:02190,
11832382,,EM:02190,
9670922,,EM:02190,
16025300,,EM:02191,
16847696,,EM:02191,
6877261,,EM:02193,
10932191,,EM:02194,
25330296,,EM:02195,
12815365,,EM:02196,
10932191,,EM:02197,
7590254,,EM:02198,
10932191,,EM:02199,
10932191,,EM:02200,
5906493,,EM:02201,
16684884,,EM:02202,
10517636,,EM:02203,
10517636,,EM:02204,
8690273,,EM:02206,
6722884,,EM:02207,
10886012,,EM:02208,
10886012,,EM:02209,
10886012,,EM:02210,
10932191,,EM:02212,
5962396,,EM:02213,
17052333,,EM:02214,
15199123,,EM:02218,
9846586,,EM:02219,
15175244,,EM:02222,
15175244,,EM:02224,
11242049,,EM:02225,
11023680,,EM:02227,
8756287,,EM:02228,
11023680,,EM:02229,
18615710,,EM:02230,
17463290,,EM:02231,
17179069,,EM:02232,
17179069,,EM:02233,
17179069,,EM:02234,
17179069,,EM:02235,
17179069,,EM:02236,
17179069,,EM:02237,
17179069,,EM:02238,
17179069,,EM:02239,
17179069,,EM:02240,
17179069,,EM:02241,
17179069,,EM:02242,
17179069,,EM:02243,
14597572,,EM:02244,
9207021,,EM:02245,
12006663,,EM:02245,
19907080,,EM:02245,
12006663,,EM:02246,
11342119,,EM:02246,
19907080,,EM:02246,
17371984,,EM:02251,
16623762,,EM:02252,
16889948,,EM:02252,
16623762,,EM:02253,
16889948,,EM:02253,
16623762,,EM:02254,
16889948,,EM:02254,
16623762,,EM:02255,
16889948,,EM:02255,
15284236,,EM:02257,
16690964,,EM:02257,
10500190,,EM:02258,
5087386,,EM:02258,
3796661,,EM:02265,
10886019,,EM:02265,
10764414,,EM:02266,
12206999,,EM:02266,
12890691,,EM:02266,
16292318,,EM:02267,
14614912,,EM:02267,
11717384,,EM:02267,
12060708,,EM:02268,
16594257,,EM:02269,
12427862,,EM:02269,
10490918,,EM:02269,
9724810,,EM:02269,
9482938,,EM:02269,
14614912,,EM:02270,
17375141,,EM:02270,
15689546,,EM:02270,
15464738,,EM:02270,
15167888,,EM:02270,
11553360,,EM:02270,
10808051,,EM:02270,
11125007,,EM:02270,
10540203,,EM:02270,
10320798,,EM:02270,
8849726,,EM:02270,
12561079,,EM:02272,
15782413,,EM:02272,
17078026,,EM:02272,
17362503,,EM:02272,
17556587,,EM:02273,
10570211,,EM:02273,
17556587,,EM:02274,
10570211,,EM:02274,
17704191,,EM:02274,
16625196,,EM:02274,
16596773,,EM:02274,
16221768,,EM:02274,
12657705,,EM:02274,
12538878,,EM:02274,
12019305,,EM:02274,
11880498,,EM:02274,
11359870,,EM:02274,
11279117,,EM:02274,
11250865,,EM:02274,
11080195,,EM:02274,
10318962,,EM:02274,
17556587,,EM:02275,
10570211,,EM:02275,
12019305,,EM:02275,
11279117,,EM:02275,
11080195,,EM:02275,
16407142,,EM:02275,
16204352,,EM:02275,
15762320,,EM:02275,
10819675,,EM:02275,
10822068,,EM:02275,
15383556,,EM:02276,
15383556,,EM:02277,
15383556,,EM:02278,
15383556,,EM:02279,
15383556,,EM:02280,
15383556,,EM:02281,
12205028,,EM:02283,
12810961,,EM:02283,
17064362,,EM:02283,
16601749,,EM:02284,
17626181,,EM:02284,
16601749,,EM:02285,
17626181,,EM:02285,
8631510,,EM:02289,
11909700,,EM:02289,
15998684,,EM:02289,
16439706,,EM:02289,
10448219,,EM:02290,
11568640,,EM:02290,
17568746,,EM:02290,
25713288,,EM:02294,
25713288,,EM:02295,
25713288,,EM:02297,
2890635,,EM:02376,
10952890,,EM:02377,
10952890,,EM:02378,
10952890,,EM:02379,
9342054,,EM:02380,
10704866,,EM:02380,
9342054,,EM:02381,
10704866,,EM:02381,
17961533,,EM:02382,
17728008,,EM:02383,
17446259,,EM:02384,
17408477,,EM:02385,
18003637,,EM:02386,
12297623,,EM:02388,
16388309,,EM:02388,
16479017,,EM:02388,
17425607,,EM:02388,
12297623,,EM:02389,
16388309,,EM:02389,
16479017,,EM:02389,
17425607,,EM:02389,
12670997,,EM:02390,
15798190,,EM:02391,
15798190,,EM:02392,
17356303,,EM:02393,
10655541,,EM:02397,
15201225,,EM:02399,
17522159,,EM:02399,
15175244,,EM:02404,
11242049,,EM:02405,
11242049,,EM:02406,
10932192,,EM:02407,
10886017,,EM:02407,
7954832,,EM:02410,
7954832,,EM:02411,
16708386,,EM:02412,
17331978,,EM:02412,
15923608,,EM:02413,
9120398,,EM:02414,
9348310,,EM:02414,
9348311,,EM:02414,
9414265,,EM:02414,
10572090,,EM:02414,
12461077,,EM:02414,
12417632,,EM:02414,
12393690,,EM:02414,
8861914,,EM:02414,
12395386,,EM:02417,
18395834,,EM:02417,
14576331,,EM:02418,
18159238,,EM:02418,
10881175,,EM:02419,
18209052,,EM:02419,
9296496,,EM:02422,
9391157,,EM:02422,
11123313,,EM:02423,
9531599,,EM:02423,
9927507,,EM:02423,
2218945,,EM:02424,
1615430,,EM:02424,
8421227,,EM:02424,
11396850,,EM:02425,
14608380,,EM:02425,
15678492,,EM:02425,
17720888,,EM:02425,
2524380,,EM:02426,
2573841,,EM:02426,
10859330,,EM:02427,
2125367,,EM:02427,
17584888,,EM:02429,
17923686,,EM:02429,
10675334,,EM:02429,
11472836,,EM:02429,
12676787,,EM:02429,
9160753,,EM:02430,
17584888,,EM:02430,
11532028,,EM:02431,
15007175,,EM:02432,
10558995,,EM:02435,
10932192,,EM:02436,
10886017,,EM:02436,
10932192,,EM:02437,
10886017,,EM:02437,
10932192,,EM:02438,
10886017,,EM:02438,
10932192,,EM:02439,
10886017,,EM:02439,
10932192,,EM:02440,
10886017,,EM:02440,
10932192,,EM:02441,
10886017,,EM:02441,
10932192,,EM:02442,
10886017,,EM:02442,
11754636,,EM:02443,
12420130,,EM:02445,
18621715,,EM:02445,
17950478,,EM:02446,
25805620,,EM:02446,
11854172,,EM:02447,
18297738,,EM:02449,
18297738,,EM:02450,
17954912,,EM:02451,
17954912,,EM:02452,
16954197,,EM:02452,
8900279,,EM:02455,
19220926,,EM:02461,
8603923,,EM:02463,
9378767,,EM:02463,
9620304,,EM:02463,
10469329,,EM:02463,
16245155,,EM:02464,
12640141,,EM:02465,
19562077,,EM:02466,
10944119,,EM:02468,
11242070,,EM:02473,
11431694,,EM:02473,
12062060,,EM:02475,
9716661,,EM:02475,
9518562,,EM:02476,
10541591,,EM:02476,
11206082,,EM:02476,
11239670,,EM:02476,
11900813,,EM:02476,
16887204,,EM:02476,
9518562,,EM:02477,
10541591,,EM:02477,
11206082,,EM:02477,
11239670,,EM:02477,
11900813,,EM:02477,
16887204,,EM:02477,
10932192,,EM:02478,
10886017,,EM:02478,
11242070,,EM:02480,
11431694,,EM:02480,
18327254,,EM:02480,
16205717,,EM:02480,
17296555,,EM:02480,
17803355,,EM:02481,
10859349,,EM:02482,
7775424,,EM:02483,
1547785,,EM:02484,
9362490,,EM:02485,
15175240,,EM:02486,
12150932,,EM:02487,
15316116,,EM:02488,
15175240,,EM:02489,
9317135,,EM:02496,
10637274,,EM:02497,
15086551,,EM:02497,
15939811,,EM:02497,
18060042,,EM:02497,
15939811,,EM:02498,
18060042,,EM:02498,
10655541,,EM:02500,
18178576,,EM:02501,
15122254,,EM:02502,
15122254,,EM:02503,
15122254,,EM:02504,
9664685,,EM:02505,
16765933,,EM:02507,
15630024,,EM:02508,
15630024,,EM:02509,
18258229,,EM:02510,
15630024,,EM:02512,
9693150,,EM:02513,
8480178,,EM:02515,
9405659,,EM:02517,
10686612,,EM:02518,
7700351,,EM:02519,
10835623,,EM:02520,
18604172,,EM:02522,
18285334,,EM:02522,
8395024,,EM:02523,
16765933,,EM:02524,
11358869,,EM:02525,
11358869,,EM:02526,
8069909,,EM:02526,
8398989,,EM:02529,
15229632,,EM:02530,
9353118,,EM:02531,
8395024,,EM:02532,
7990930,,EM:02532,
12766769,,EM:02533,
11911824,,EM:02540,
19086028,,EM:02541,
18818193,,EM:02541,
19086028,,EM:02542,
18818193,,EM:02542,
10932192,,EM:02543,
10886017,,EM:02543,
10932192,,EM:02545,
10886017,,EM:02545,
26803617,,EM:02545,
10932192,,EM:02546,
10886017,,EM:02546,
10932192,,EM:02547,
10886017,,EM:02547,
10932192,,EM:02548,
10886017,,EM:02548,
10932192,,EM:02549,
10886017,,EM:02549,
10932192,,EM:02550,
10886017,,EM:02550,
10932192,,EM:02551,
10886017,,EM:02551,
10932192,,EM:02552,
10886017,,EM:02552,
10932192,,EM:02553,
10886017,,EM:02553,
10932192,,EM:02554,
10886017,,EM:02554,
10932192,,EM:02555,
10886017,,EM:02555,
10932192,,EM:02557,
10886017,,EM:02557,
22527485,,EM:02557,
10932192,,EM:02558,
10886017,,EM:02558,
22527485,,EM:02558,
10932192,,EM:02559,
10886017,,EM:02559,
10932192,,EM:02560,
10886017,,EM:02560,
22527485,,EM:02560,
10932192,,EM:02561,
10886017,,EM:02561,
10932192,,EM:02562,
10886017,,EM:02562,
10932192,,EM:02563,
10886017,,EM:02563,
10932192,,EM:02564,
10886017,,EM:02564,
22527485,,EM:02564,
10932192,,EM:02565,
10886017,,EM:02565,
22527485,,EM:02565,
10932192,,EM:02566,
10886017,,EM:02566,
10932192,,EM:02568,
10886017,,EM:02568,
11694877,,EM:02569,
11694877,,EM:02570,
12110578,,EM:02571,
15007175,,EM:02571,
15051949,,EM:02571,
11306558,,EM:02571,
17664350,,EM:02572,
17234189,,EM:02573,
15485907,,EM:02574,
18480258,,EM:02574,
18480259,,EM:02574,
8940033,,EM:02574,
11485994,,EM:02574,
11123313,,EM:02575,
9531599,,EM:02575,
9927507,,EM:02575,
9022021,,EM:02575,
10823914,,EM:02577,
14745012,,EM:02579,
7635290,,EM:02583,
8082833,,EM:02584,
15384171,,EM:02585,
18981221,,EM:02590,
16590412,,EM:02591,
9774658,,EM:02592,
16009599,,EM:02592,
15297876,,EM:02592,
18064002,,EM:02594,
8264149,,EM:02595,
16696966,,EM:02597,
16684884,,EM:02598,
12858556,,EM:02598,
16850455,,EM:02603,
17248765,,EM:02605,
3428512,,EM:02606,
16445854,,EM:02610,
15250938,,EM:02611,
12242666,,EM:02613,
12242666,,EM:02614,
1522892,,EM:02619,
9564824,,EM:02619,
11089533,,EM:02619,
11549727,,EM:02619,
16458863,,EM:02619,
18521186,,EM:02619,
18548006,,EM:02619,
16445854,,EM:03096,
8459851,,EM:03096,
7956069,,EM:03096,
8233827,,EM:03096,
7569036,,EM:03096,
8722692,,EM:03096,
8947025,,EM:03096,
7813769,,EM:03096,
9088570,,EM:03096,
12100491,,EM:03096,
11353514,,EM:03096,
15803509,,EM:03096,
15826307,,EM:03096,
16146766,,EM:03096,
11242070,,EM:03097,
11431694,,EM:03097,
17409257,,EM:03098,
16129827,,EM:03098,
16129827,,EM:03099,
17554007,,EM:03099,
18799546,,EM:03099,
8947025,,EM:03102,
12100491,,EM:03102,
11353514,,EM:03102,
15803509,,EM:03102,
15826307,,EM:03102,
16146766,,EM:03102,
12100491,,EM:03103,
14576318,,EM:03103,
12100491,,EM:03104,
14576318,,EM:03104,
15286029,,EM:03105,
17071981,,EM:03105,
17372844,,EM:03105,
12100491,,EM:03109,
14576318,,EM:03109,
7604039,,EM:03110,
15834428,,EM:03110,
16195353,,EM:03110,
15982908,,EM:03110,
18440989,,EM:03111,
11242049,,EM:03114,
17133485,,EM:03572,
9126932,,EM:04305,
15189733,,EM:04312,
19105207,,EM:04319,
19153075,,EM:04321,
19153075,,EM:04322,
19564597,,EM:04323,
11161575,,EM:04325,
9096345,,EM:04325,
17452094,,EM:04326,
20049712,,EM:04326,
22745500,,EM:04326,
21471385,,EM:04327,
17095718,,EM:04328,
15345036,,EM:04329,
15615595,,EM:04329,
18564434,,EM:04329,
10859330,,EM:04330,
11592076,,EM:04330,
7555717,,EM:04332,
9724044,,EM:04336,
9786853,,EM:04336,
16488992,,EM:04336,
15665833,,EM:04363,
18066056,,EM:04363,
26987019,,EM:04364,
8831492,,EM:04365,
20739404,,EM:04369,
20709911,,EM:04369,
15784609,,EM:04371,
9635194,,EM:04372,
14623822,,EM:04387,
10589691,,EM:04397,
12684224,,EM:04397,
12937297,,EM:04397,
15513933,,EM:04397,
16166161,,EM:04397,
17430990,,EM:04397,
11857811,,EM:04398,
19036848,,EM:04399,
19036848,,EM:04400,
8589728,,EM:04401,
11857812,,EM:04402,
24293254,,EM:04407,
17021036,,EM:04420,
7604039,,EM:04423,
15834428,,EM:04423,
16195353,,EM:04423,
7604039,,EM:04424,
15834428,,EM:04424,
16195353,,EM:04424,
17577581,,EM:04425,
2366866,,EM:04468,
12052898,,EM:04481,
18779345,,EM:04482,
12172545,,EM:04492,
8855286,,EM:04498,
19621440,,EM:04499,
19473725,,EM:04505,
19278296,,EM:04508,
19278296,,EM:04509,
17462783,,EM:04533,
19417740,,EM:04533,
19102749,,EM:04534,
9288969,,EM:04536,
17339376,,EM:04537,
146770,,EM:04538,
20711993,,EM:04549,
11731613,,EM:04560,
11138006,,EM:04560,
19270698,,EM:04561,
19008920,,EM:04561,
19270698,,EM:04562,
19008920,,EM:04562,
19696184,,EM:04569,
16166161,,EM:04574,
17430990,,EM:04574,
9990093,,EM:04574,
17334998,,EM:04575,
15621361,,EM:04582,
20600924,,EM:04587,
16107710,,EM:04603,
19371626,,EM:04604,
19371626,,EM:04605,
8026519,,EM:04614,
12904583,,EM:04623,
19836960,,EM:04625,
16478711,,EM:04625,
18703536,,EM:04643,
17095718,,EM:04644,
18505827,,EM:04653,
20064371,,EM:04653,
18505827,,EM:04654,
20064371,,EM:04654,
7624775,,EM:04655,
7623827,,EM:04655,
9466414,,EM:04655,
17515897,,EM:04655,
19741162,,EM:04655,
18268105,,EM:04657,
16980622,,EM:04660,
18039842,,EM:04661,
18988810,,EM:04661,
18988810,,EM:04662,
19258395,,EM:04662,
18988810,,EM:04663,
19258395,,EM:04663,
19826619,,EM:04664,
19213815,,EM:04665,
12835757,,EM:04674,
12835757,,EM:04675,
12088410,,EM:04675,
12835757,,EM:04676,
9175875,,EM:04676,
19536672,,EM:04679,
17090215,,EM:04679,
16611999,,EM:04714,
20200330,,EM:04730,
18772499,,EM:04730,
18453615,,EM:04747,
19380622,,EM:04747,
19307478,,EM:04748,
14614079,,EM:04748,
20133851,,EM:04758,
18703536,,EM:04761,
1822431,,EM:04764,
15572362,,EM:04764,
15826307,,EM:04766,
8620534,,EM:04766,
15826307,,EM:04767,
7681531,,EM:04767,
15572362,,EM:04769,
14627990,,EM:04774,
16424394,,EM:04774,
17194700,,EM:04778,
21360304,,EM:04778,
27298830,,EM:04778,
26924269,,EM:04778,
20418531,,EM:04781,
20418531,,EM:04782,
11105051,,EM:04784,
19525957,,EM:04784,
15964824,,EM:04785,
16413924,,EM:04787,
15186779,,EM:04787,
16741123,,EM:04788,
15289505,,EM:04789,
8879212,,EM:04790,
16983719,,EM:04791,
16413924,,EM:04792,
18505827,,EM:04804,
20064371,,EM:04804,
18505827,,EM:04805,
20064371,,EM:04805,
16611999,,EM:04806,
11105051,,EM:04830,
19525957,,EM:04830,
18040647,,EM:04835,
15916118,,EM:04837,
15916118,,EM:04838,
16207732,,EM:04838,
19809474,,EM:04838,
19855134,,EM:04838,
19363478,,EM:04839,
11259677,,EM:04840,
20015245,,EM:04844,
20015245,,EM:04845,
15630379,,EM:04846,
15630379,,EM:04847,
12405956,,EM:04848,
20137774,,EM:04848,
20137778,,EM:04848,
20137778,,EM:04849,
12036291,,EM:04849,
15846349,,EM:04849,
18996172,,EM:04851,
14648237,,EM:04851,
14609561,,EM:04851,
11750125,,EM:04851,
11386759,,EM:04851,
13336002,,EM:04851,
13336002,,EM:04852,
9435277,,EM:04852,
9186010,,EM:04852,
7870172,,EM:04852,
6627025,,EM:04852,
5795329,,EM:04852,
14198707,,EM:04852,
14648237,,EM:04853,
9435277,,EM:04853,
9186010,,EM:04853,
7870172,,EM:04853,
18160714,,EM:04853,
11753415,,EM:04853,
12121736,,EM:04853,
11222540,,EM:04853,
10224267,,EM:04853,
8625802,,EM:04858,
16678814,,EM:04858,
16728477,,EM:04858,
17170062,,EM:04869,
9435277,,EM:04875,
9186010,,EM:04875,
7870172,,EM:04875,
11753415,,EM:04875,
9680294,,EM:04875,
7324900,,EM:04875,
9384575,,EM:04883,
20643125,,EM:04884,
20643125,,EM:04887,
15763133,,EM:04890,
18599790,,EM:04891,
16908411,,EM:04892,
15763133,,EM:04893,
12405956,,EM:04895,
20137774,,EM:04895,
20137778,,EM:04895,
18996172,,EM:04896,
14648237,,EM:04896,
14609561,,EM:04896,
11750125,,EM:04896,
11386759,,EM:04896,
13336002,,EM:04896,
14648237,,EM:04897,
9435277,,EM:04897,
9186010,,EM:04897,
7870172,,EM:04897,
18160714,,EM:04897,
11753415,,EM:04897,
12121736,,EM:04897,
11222540,,EM:04897,
10224267,,EM:04897,
15630379,,EM:04899,
10097150,,EM:04911,
15130877,,EM:04912,
15607734,,EM:04912,
10803590,,EM:04913,
19389353,,EM:04914,
16207732,,EM:04915,
15353999,,EM:04915,
15353999,,EM:04916,
18974863,,EM:04916,
10900098,,EM:04917,
18833301,,EM:04917,
10900098,,EM:04918,
18833301,,EM:04918,
15916118,,EM:04919,
11259677,,EM:04920,
15630379,,EM:04921,
15916118,,EM:04923,
16207732,,EM:04923,
19809474,,EM:04923,
19855134,,EM:04923,
12036291,,EM:04925,
15846349,,EM:04925,
9435277,,EM:04925,
11753415,,EM:04925,
522864,,EM:04925,
12036291,,EM:04926,
15846349,,EM:04926,
9435277,,EM:04926,
11753415,,EM:04926,
522864,,EM:04926,
18231969,,EM:04932,
19081073,,EM:04932,
19801672,,EM:04933,
19454673,,EM:04960,
20079728,,EM:04967,
20079728,,EM:04968,
19307312,,EM:04969,
16168373,,EM:04971,
17900353,,EM:04972,
19398754,,EM:04973,
10204494,,EM:04974,
1721867,,EM:04975,
9228047,,EM:04987,
11348473,,EM:04987,
10712633,,EM:04987,
15159132,,EM:04987,
17189273,,EM:04987,
17485446,,EM:04987,
19956992,,EM:04987,
19956989,,EM:04987,
20577801,,EM:04987,
15958588,,EM:04987,
15252047,,EM:04987,
14552906,,EM:04987,
17189273,,EM:04988,
12000764,,EM:04988,
17125596,,EM:04988,
19164485,,EM:04988,
20392931,,EM:04988,
23224784,,EM:04989,
21347410,,EM:04989,
21360304,,EM:04989,
19421151,,EM:04993,
15502845,,EM:04994,
19421151,,EM:04995,
11544531,,EM:04995,
19421151,,EM:04996,
9393858,,EM:04996,
8620534,,EM:04997,
19421151,,EM:04997,
18086863,,EM:04999,
18086864,,EM:04999,
19793892,,EM:04999,
18086863,,EM:05000,
18086864,,EM:05000,
19793892,,EM:05000,
19772884,,EM:05001,
15589695,,EM:05001,
9547354,,EM:05002,
8091214,,EM:05003,
11919622,,EM:05004,
19363478,,EM:05010,
13336002,,EM:05011,
9435277,,EM:05011,
9186010,,EM:05011,
7870172,,EM:05011,
6627025,,EM:05011,
5795329,,EM:05011,
14198707,,EM:05011,
20137778,,EM:05015,
12036291,,EM:05015,
15846349,,EM:05015,
19389353,,EM:05016,
16207732,,EM:05017,
15353999,,EM:05017,
10900098,,EM:05018,
18833301,,EM:05018,
12036291,,EM:05019,
15846349,,EM:05019,
9435277,,EM:05019,
11753415,,EM:05019,
522864,,EM:05019,
9435277,,EM:05020,
9186010,,EM:05020,
7870172,,EM:05020,
11753415,,EM:05020,
9680294,,EM:05020,
7324900,,EM:05020,
12036291,,EM:05021,
15846349,,EM:05021,
9435277,,EM:05021,
11753415,,EM:05021,
522864,,EM:05021,
19772884,,EM:05039,
15589695,,EM:05039,
19706529,,EM:05043,
15353999,,EM:05047,
18974863,,EM:05047,
10900098,,EM:05048,
18833301,,EM:05048,
12919674,,EM:05101,
18250193,,EM:05102,
20816174,,EM:05103,
15824086,,EM:05106,
18586118,,EM:05107,
15824086,,EM:05122,
18586118,,EM:05122,
19414788,,EM:05122,
19706529,,EM:05123,
21212184,,EM:05138,
19696184,,EM:05139,
15899789,,EM:05143,
18006687,,EM:05143,
16029424,,EM:05143,
20718941,,EM:05143,
18633434,,EM:05143,
12100497,,EM:05144,
15060160,,EM:05144,
16314490,,EM:05144,
17616707,,EM:05144,
18632629,,EM:05144,
19855129,,EM:05144,
20123016,,EM:05144,
20144786,,EM:05144,
19692579,,EM:05147,
19692579,,EM:05148,
20506501,,EM:05149,
19364815,,EM:05152,
17577581,,EM:05153,
15788111,,EM:05158,
12438451,,EM:05158,
12081826,,EM:05158,
11584097,,EM:05158,
21239484,,EM:05158,
15788111,,EM:05159,
12438451,,EM:05159,
12081826,,EM:05159,
11584097,,EM:05159,
21239484,,EM:05159,
15788111,,EM:05160,
12438451,,EM:05160,
12081826,,EM:05160,
11584097,,EM:05160,
21239484,,EM:05160,
15710327,,EM:05184,
1373228,,EM:05204,
19138581,,EM:05207,
15699105,,EM:05211,
18000662,,EM:05211,
15699105,,EM:05213,
18000662,,EM:05213,
20858605,,EM:05214,
20926451,,EM:05215,
26070424,,EM:05215,
21272575,,EM:05216,
11857817,,EM:05217,
16807353,,EM:05237,
17186024,,EM:05237,
11161575,,EM:05243,
15710327,,EM:05244,
15710327,,EM:05245,
21309074,,EM:05247,
20856205,,EM:05247,
22527485,,EM:05252,
10212244,,EM:05253,
11007769,,EM:05253,
17916599,,EM:05253,
1673234,,EM:05256,
20813760,,EM:05256,
1673234,,EM:05257,
20813760,,EM:05257,
1673234,,EM:05258,
20813760,,EM:05258,
1673234,,EM:05259,
20813760,,EM:05259,
1673234,,EM:05260,
20813760,,EM:05260,
1673234,,EM:05261,
20813760,,EM:05261,
1673234,,EM:05262,
20813760,,EM:05262,
21303696,,EM:05263,
9753619,,EM:05269,
9838101,,EM:05269,
14970190,,EM:05269,
16382151,,EM:05270,
16382151,,EM:05271,
16382151,,EM:05272,
19856143,,EM:05272,
16382151,,EM:05273,
19856143,,EM:05273,
18321860,,EM:05273,
19667105,,EM:05273,
20360257,,EM:05273,
16382151,,EM:05277,
19856143,,EM:05277,
16382151,,EM:05278,
18852295,,EM:05279,
16186798,,EM:05279,
12810953,,EM:05279,
21316396,,EM:05279,
17613434,,EM:05281,
1418983,,EM:05282,
8133892,,EM:05282,
10498279,,EM:05282,
10366623,,EM:05282,
16179473,,EM:05291,
1373228,,EM:05303,
8635458,,EM:05304,
21426320,,EM:05315,
19843516,,EM:05317,
4546820,,EM:05325,
7537713,,EM:05325,
518536,,EM:05325,
1943682,,EM:05325,
2055114,,EM:05325,
2120224,,EM:05325,
1721867,,EM:05326,
20513743,,EM:05327,
20513743,,EM:05328,
20513743,,EM:05329,
20513743,,EM:05330,
20513743,,EM:05331,
23085146,,EM:05332,
24120137,,EM:05332,
24323356,,EM:05332,
21943097,,EM:05333,
11857796,,EM:05334,
16207837,,EM:05334,
11857796,,EM:05335,
17487951,,EM:05339,
26417441,,EM:05353,
15273689,,EM:05363,
22961198,,EM:05365,
22961198,,EM:05366,
22961198,,EM:05367,
11027331,,EM:05396,
20219649,,EM:05397,
17805310,,EM:05397,
11027331,,EM:05397,
7792602,,EM:05408,
11857817,,EM:05414,
12664293,,EM:05415,
14999066,,EM:05415,
15956610,,EM:05415,
17079295,,EM:05415,
15163699,,EM:05416,
19751582,,EM:05416,
21750683,,EM:05446,
21750036,,EM:05448,
19734893,,EM:05449,
22020280,,EM:05451,
9537323,,EM:05452,
18279320,,EM:05452,
22020280,,EM:05453,
22020280,,EM:05454,
31383820,,EM:05473,
22121025,,EM:05488,
11087000,,EM:05538,
11087000,,EM:05539,
17220887,,EM:05540,
17220887,,EM:05541,
21906401,,EM:05542,
15995703,,EM:05543,
15995703,,EM:05544,
22772436,,EM:05559,
12075356,,EM:05562,
16249175,,EM:05562,
17003780,,EM:05562,
18592271,,EM:05562,
17521720,,EM:05562,
12075356,,EM:05563,
16249175,,EM:05563,
17003780,,EM:05563,
18592271,,EM:05563,
17521720,,EM:05563,
12151522,,EM:05564,
12151522,,EM:05565,
12595570,,EM:05566,
15502862,,EM:05566,
15563600,,EM:05566,
15716339,,EM:05566,
16740478,,EM:05566,
18038450,,EM:05566,
15728191,,EM:05569,
1957351,,EM:05570,
15216892,,EM:05570,
10369222,,EM:05570,
11278715,,EM:05570,
11030624,,EM:05570,
12111843,,EM:05570,
12676564,,EM:05570,
15014504,,EM:05570,
17145186,,EM:05570,
18632943,,EM:05570,
8662897,,EM:05570,
16286011,,EM:05570,
1957351,,EM:05571,
15216892,,EM:05571,
10369222,,EM:05571,
11278715,,EM:05571,
11030624,,EM:05571,
12111843,,EM:05571,
12676564,,EM:05571,
15014504,,EM:05571,
17145186,,EM:05571,
18632943,,EM:05571,
8662897,,EM:05571,
16286011,,EM:05571,
1957351,,EM:05572,
15216892,,EM:05572,
10369222,,EM:05572,
11278715,,EM:05572,
11030624,,EM:05572,
12111843,,EM:05572,
12676564,,EM:05572,
15014504,,EM:05572,
17145186,,EM:05572,
18632943,,EM:05572,
8662897,,EM:05572,
16286011,,EM:05572,
17003330,,EM:05573,
15897273,,EM:05574,
15534371,,EM:05574,
22121019,,EM:05594,
22121019,,EM:05595,
19319188,,EM:05597,
16775330,,EM:05597,
19219027,,EM:05605,
20423503,,EM:05619,
8841200,,EM:05620,
11523829,,EM:05621,
12652306,,EM:05622,
7588062,,EM:05623,
19615442,,EM:05624,
22021440,,EM:05625,
12652306,,EM:05626,
21467299,,EM:05627,
19615442,,EM:05628,
19615442,,EM:05629,
11532921,,EM:05630,
9811592,,EM:05631,
11731460,,EM:05632,
11731460,,EM:05633,
21057506,,EM:05634,
18820178,,EM:05635,
10557207,,EM:05636,
10433909,,EM:05637,
20538806,,EM:05659,
18160714,,EM:05665,
22246323,,EM:05665,
21445009,,EM:05666,
21943097,,EM:05667,
12904583,,EM:05676,
12904583,,EM:05678,
10615117,,EM:05678,
12904583,,EM:05684,
10615117,,EM:05684,
12904583,,EM:05685,
10615117,,EM:05685,
12904583,,EM:05686,
10615117,,EM:05686,
12904583,,EM:05687,
10615117,,EM:05687,
18035060,,EM:05690,
12904583,,EM:05691,
10615117,,EM:05691,
18794365,,EM:05692,
12904583,,EM:05694,
10615117,,EM:05694,
12904583,,EM:05695,
10615117,,EM:05695,
12904583,,EM:05696,
10615117,,EM:05696,
21653538,,EM:05696,
12904583,,EM:05697,
10615117,,EM:05697,
17198746,,EM:05697,
11106739,,EM:05730,
11242108,,EM:05730,
15640358,,EM:05730,
16055729,,EM:05730,
23840635,,EM:05732,
22140254,,EM:05734,
16951257,,EM:05735,
14665670,,EM:05736,
15132998,,EM:05737,
15132998,,EM:05739,
21512107,,EM:05740,
15132998,,EM:05742,
15132998,,EM:05745,
17015480,,EM:05761,
15899840,,EM:05761,
15072559,,EM:05761,
12101186,,EM:05761,
12556907,,EM:05761,
11349124,,EM:05761,
15468058,,EM:05777,
17616705,,EM:05777,
17626615,,EM:05778,
11892008,,EM:05778,
16571605,,EM:05806,
17111359,,EM:05806,
18575605,,EM:05806,
22250815,,EM:05806,
16571605,,EM:05807,
17111359,,EM:05807,
18575605,,EM:05807,
22250815,,EM:05807,
16571605,,EM:05808,
17111359,,EM:05808,
18575605,,EM:05808,
22250815,,EM:05808,
8564847,,EM:05819,
9771754,,EM:05819,
11915025,,EM:05819,
12057915,,EM:05819,
19808650,,EM:05819,
20856227,,EM:05819,
21471524,,EM:05825,
19336402,,EM:05825,
20208005,,EM:05825,
12788935,,EM:05825,
21890494,,EM:05841,
15713651,,EM:05844,
18350150,,EM:05844,
22144571,,EM:05844,
20463017,,EM:05844,
21045148,,EM:05844,
22365050,,EM:05845,
18594912,,EM:05906,
20587592,,EM:05906,
15138187,,EM:05917,
15468058,,EM:05922,
10570176,,EM:05922,
12923533,,EM:05931,
19383288,,EM:05931,
17700700,,EM:05931,
20609353,,EM:05931,
10944220,,EM:05936,
11413089,,EM:05936,
12244304,,EM:05936,
12738797,,EM:05936,
15302781,,EM:05936,
16758492,,EM:05936,
17846081,,EM:05936,
18337424,,EM:05936,
19023134,,EM:05936,
19941613,,EM:05936,
20927048,,EM:05936,
21179162,,EM:05936,
21518801,,EM:05936,
22120177,,EM:05936,
22158014,,EM:05936,
21277875,,EM:05936,
22186990,,EM:05936,
12810613,,EM:05938,
12810613,,EM:05939,
12810613,,EM:05940,
12923533,,EM:05941,
19494131,,EM:05941,
19383288,,EM:05941,
17700700,,EM:05941,
20609353,,EM:05941,
18483625,,EM:05942,
18823404,,EM:05942,
15837621,,EM:05943,
21383153,,EM:05944,
20609353,,EM:05945,
12957286,,EM:05945,
16959882,,EM:05945,
17349585,,EM:05945,
21514245,,EM:05945,
21665147,,EM:05945,
19383288,,EM:05946,
15837621,,EM:05946,
12957286,,EM:05946,
21514245,,EM:05946,
17468755,,EM:05946,
21088222,,EM:05946,
22684987,,EM:05959,
9603738,,EM:05988,
16598734,,EM:05988,
15593330,,EM:05989,
20805298,,EM:05990,
20733157,,EM:05991,
20733157,,EM:05992,
15601833,,EM:06003,
16306395,,EM:06004,
21167062,,EM:06004,
16306395,,EM:06005,
16306395,,EM:06006,
20205763,,EM:06007,
19299442,,EM:06008,
19299442,,EM:06009,
11567614,,EM:06021,
12874134,,EM:06021,
18216204,,EM:06022,
12874134,,EM:06022,
20966351,,EM:06024,
22855819,,EM:06024,
22982984,,EM:06026,
15389316,,EM:06027,
19463703,,EM:06027,
20043895,,EM:06027,
23558439,,EM:06034,
21597036,,EM:06035,
18160714,,EM:06049,
22246323,,EM:06049,
23940255,,EM:06050,
8947025,,EM:06054,
12580766,,EM:06055,
18328563,,EM:06055,
12580766,,EM:06056,
18328563,,EM:06056,
12580766,,EM:06057,
18328563,,EM:06057,
12580766,,EM:06058,
18328563,,EM:06058,
12580766,,EM:06059,
18328563,,EM:06059,
15919828,,EM:06060,
8608598,,EM:06060,
15919828,,EM:06061,
8608598,,EM:06061,
15919828,,EM:06062,
8608598,,EM:06062,
15919828,,EM:06063,
8608598,,EM:06063,
15919828,,EM:06064,
8608598,,EM:06064,
15919828,,EM:06065,
8608598,,EM:06065,
11254677,,EM:06066,
14515278,,EM:06066,
15774622,,EM:06066,
16966255,,EM:06066,
17317260,,EM:06066,
19499521,,EM:06066,
11254677,,EM:06067,
14515278,,EM:06067,
15774622,,EM:06067,
16966255,,EM:06067,
17317260,,EM:06067,
19499521,,EM:06067,
11254677,,EM:06068,
14515278,,EM:06068,
15774622,,EM:06068,
16966255,,EM:06068,
17317260,,EM:06068,
19499521,,EM:06068,
12574386,,EM:06069,
12574386,,EM:06070,
19332469,,EM:06074,
21906672,,EM:06074,
21724994,,EM:06078,
11092754,,EM:06085,
11095635,,EM:06085,
16023414,,EM:06085,
16303920,,EM:06085,
18697795,,EM:06085,
19717472,,EM:06085,
11092754,,EM:06086,
22860051,,EM:06087,
9598348,,EM:06107,
18552834,,EM:06108,
21270054,,EM:06108,
21613325,,EM:06109,
21654836,,EM:06111,
22407915,,EM:06116,
21156286,,EM:06117,
15138187,,EM:06130,
22020981,,EM:06136,
22131286,,EM:06139,
9883727,,EM:06141,
10805813,,EM:06141,
11300723,,EM:06141,
15618403,,EM:06141,
19052217,,EM:06141,
19038218,,EM:06141,
22542184,,EM:06141,
9883727,,EM:06142,
10805813,,EM:06142,
11300723,,EM:06142,
15618403,,EM:06142,
19052217,,EM:06142,
19038218,,EM:06142,
22542184,,EM:06142,
9883727,,EM:06143,
10805813,,EM:06143,
11300723,,EM:06143,
15618403,,EM:06143,
19052217,,EM:06143,
19038218,,EM:06143,
22542184,,EM:06143,
10805813,,EM:06144,
11300723,,EM:06144,
15618403,,EM:06144,
19052217,,EM:06144,
19038218,,EM:06144,
10527801,,EM:06145,
17360365,,EM:06160,
22798427,,EM:06160,
17699657,,EM:06201,
20090907,,EM:06217,
12634851,,EM:06218,
19470463,,EM:06218,
19497968,,EM:06218,
18650932,,EM:06218,
15877079,,EM:06218,
15526032,,EM:06218,
12970181,,EM:06218,
12426394,,EM:06219,
21317887,,EM:06219,
19620979,,EM:06220,
19620979,,EM:06221,
20212315,,EM:06221,
21522133,,EM:06221,
22133876,,EM:06221,
22370720,,EM:06221,
21949658,,EM:06222,
17242209,,EM:06223,
17911264,,EM:06223,
19118006,,EM:06223,
19662508,,EM:06223,
21339733,,EM:06223,
21235351,,EM:06223,
22421968,,EM:06223,
22949508,,EM:06226,
10454353,,EM:06228,
19830822,,EM:06230,
15845452,,EM:06270,
17692539,,EM:06271,
15845452,,EM:06271,
19241391,,EM:06272,
19705445,,EM:06272,
22991437,,EM:06272,
14592958,,EM:06297,
16613990,,EM:06297,
21123436,,EM:06297,
22414758,,EM:06297,
9539769,,EM:06302,
10995788,,EM:06302,
11067865,,EM:06302,
21897848,,EM:06302,
16707449,,EM:06302,
12657691,,EM:06319,
19794189,,EM:06319,
12657691,,EM:06320,
19794189,,EM:06320,
22403638,,EM:06321,
15468058,,EM:06326,
15468058,,EM:06327,
22659131,,EM:06334,
22659131,,EM:06335,
21309068,,EM:06337,
21309068,,EM:06338,
22032925,,EM:06348,
23273845,,EM:06349,
24077561,,EM:06349,
23273845,,EM:06350,
24077561,,EM:06350,
16446425,,EM:06368,
20133630,,EM:06368,
16446425,,EM:06369,
20133630,,EM:06369,
9512515,,EM:06370,
21110320,,EM:06370,
7770771,,EM:06371,
9053450,,EM:06371,
10587347,,EM:06371,
9708736,,EM:06374,
10102818,,EM:06374,
12192050,,EM:06380,
21625617,,EM:06380,
17360434,,EM:06380,
15784737,,EM:06382,
20639397,,EM:06382,
11163238,,EM:06383,
17202357,,EM:06383,
14614861,,EM:06391,
23114599,,EM:06391,
9620773,,EM:06735,
10884052,,EM:06735,
11089561,,EM:06735,
11988580,,EM:06735,
15496472,,EM:06735,
17293846,,EM:06735,
17316992,,EM:06735,
11089561,,EM:06736,
11988580,,EM:06736,
15496472,,EM:06736,
17293846,,EM:06736,
17316992,,EM:06736,
22886732,,EM:06736,
11089561,,EM:06737,
11988580,,EM:06737,
15496472,,EM:06737,
17293846,,EM:06737,
17316992,,EM:06737,
20610744,,EM:06737,
22640813,,EM:06737,
11923871,,EM:06739,
14673102,,EM:06739,
16107613,,EM:06741,
8999800,,EM:06742,
22552227,,EM:06742,
9310473,,EM:06743,
11956084,,EM:06743,
22544735,,EM:06746,
12414647,,EM:06747,
15026330,,EM:06747,
22715095,,EM:06748,
22730198,,EM:06767,
18523579,,EM:06786,
23056273,,EM:06786,
16306395,,EM:06787,
22859373,,EM:06788,
22370720,,EM:06789,
8628671,,EM:06791,
14708593,,EM:06791,
15024388,,EM:06791,
14708593,,EM:06792,
15024388,,EM:06792,
22986526,,EM:06817,
22522610,,EM:06818,
18508624,,EM:06821,
17700700,,EM:06839,
20609353,,EM:06839,
15315761,,EM:06839,
16869759,,EM:06839,
12904583,,EM:06840,
22505032,,EM:06840,
12904583,,EM:06841,
22505032,,EM:06841,
15315761,,EM:06842,
10319860,,EM:06842,
11726500,,EM:06842,
12917627,,EM:06842,
18191580,,EM:06842,
12827191,,EM:06876,
8903723,,EM:06878,
22326222,,EM:06878,
17014736,,EM:06878,
22918120,,EM:06895,
26417441,,EM:06914,
23109291,,EM:06915,
23109291,,EM:06916,
15468058,,EM:06943,
10911992,,EM:06968,
19706426,,EM:06970,
1721867,,EM:06971,
8587606,,EM:07002,
16049324,,EM:07002,
23000969,,EM:07013,
23441035,,EM:07031,
22068587,,EM:07072,
22068587,,EM:07073,
8943028,,EM:07075,
23706823,,EM:07097,
23706823,,EM:07098,
23676465,,EM:07099,
23212600,,EM:07110,
15240551,,EM:07114,
18171687,,EM:07114,
22495934,,EM:07114,
16769824,,EM:07145,
19679637,,EM:07145,
19295172,,EM:07145,
25987543,,EM:07146,
24046450,,EM:07147,
23748901,,EM:07148,
21515676,,EM:07149,
23064365,,EM:07150,
15240551,,EM:07153,
18171687,,EM:07153,
22495934,,EM:07153,
10804179,,EM:07153,
10804179,,EM:07154,
23074226,,EM:07163,
23760501,,EM:07170,
24838000,,EM:07212,
24838000,,EM:07213,
12702766,,EM:07222,
8611677,,EM:07223,
15907471,,EM:07226,
15907471,,EM:07227,
1673361,,EM:07228,
20543135,,EM:07229,
10990461,,EM:07230,
21049064,,EM:07231,
10894163,,EM:07233,
9506948,,EM:07233,
10894163,,EM:07234,
17403783,,EM:07234,
10894163,,EM:07235,
11971981,,EM:07235,
10894163,,EM:07236,
20566848,,EM:07236,
21049064,,EM:07238,
21636789,,EM:07238,
21049064,,EM:07239,
18160713,,EM:07239,
21049064,,EM:07243,
10072554,,EM:07243,
23734096,,EM:07264,
19046569,,EM:07265,
21149301,,EM:07285,
19521510,,EM:07301,
19521510,,EM:07303,
19521510,,EM:07304,
23938297,,EM:07305,
12091320,,EM:07326,
17208451,,EM:07326,
23142137,,EM:07327,
17064680,,EM:07336,
18539941,,EM:07336,
24307298,,EM:07336,
21540187,,EM:07365,
21750715,,EM:07365,
19412431,,EM:07405,
15383666,,EM:07407,
23903354,,EM:07416,
8306885,,EM:07421,
9566950,,EM:07422,
12417550,,EM:07434,
16192629,,EM:07434,
20371803,,EM:07449,
24165879,,EM:07451,
22128334,,EM:07452,
21900566,,EM:07453,
17529967,,EM:07455,
17529967,,EM:07456,
17529967,,EM:07457,
15263032,,EM:07458,
16339556,,EM:07458,
9197272,,EM:07459,
18596265,,EM:07460,
12514129,,EM:07460,
15632014,,EM:07461,
18089781,,EM:07461,
18455382,,EM:07461,
15632014,,EM:07462,
18089781,,EM:07462,
18455382,,EM:07462,
12242444,,EM:07463,
21989057,,EM:07499,
24209619,,EM:07575,
10932189,,EM:07576,
23135322,,EM:07593,
14622179,,EM:07741,
15777781,,EM:07741,
18800345,,EM:07741,
19505761,,EM:07741,
20021351,,EM:07741,
23632394,,EM:07741,
14622179,,EM:07742,
15777781,,EM:07742,
18800345,,EM:07742,
19505761,,EM:07742,
20021351,,EM:07742,
23632394,,EM:07742,
8920866,,EM:07765,
8299692,,EM:07800,
10319865,,EM:07800,
10518496,,EM:07817,
17384153,,EM:07825,
17587407,,EM:07825,
11178108,,EM:07825,
21525430,,EM:07825,
16410831,,EM:07826,
20445111,,EM:07826,
21665150,,EM:07840,
18784653,,EM:07840,
19734891,,EM:07995,
23553930,,EM:07995,
23444355,,EM:07995,
23596255,,EM:07995,
22186729,,EM:07995,
21766338,,EM:07995,
20489730,,EM:07995,
21303850,,EM:07995,
23153495,,EM:07995,
21549328,,EM:07995,
24363064,,EM:08019,
24363064,,EM:08020,
24363064,,EM:08021,
21196933,,EM:08022,
16462733,,EM:08022,
12702645,,EM:08023,
15976301,,EM:08023,
23245767,,EM:08024,
22405073,,EM:08024,
9136926,,EM:08025,
14671317,,EM:08025,
15163367,,EM:08025,
10880462,,EM:08026,
11606789,,EM:08026,
14681685,,EM:08026,
15322169,,EM:08026,
15342385,,EM:08026,
17309820,,EM:08026,
22227036,,EM:08026,
22461492,,EM:08026,
22560297,,EM:08026,
10880462,,EM:08027,
11606789,,EM:08027,
15867383,,EM:08027,
11287627,,EM:08027,
14500377,,EM:08027,
14500378,,EM:08027,
16260494,,EM:08027,
16864777,,EM:08027,
17099725,,EM:08027,
17363588,,EM:08027,
19383288,,EM:08028,
20609353,,EM:08028,
19383288,,EM:08029,
20609353,,EM:08029,
9601639,,EM:08030,
11376343,,EM:08030,
29440408,,EM:08120,
10212251,,EM:08121,
7641679,,EM:08122,
19265166,,EM:08133,
11313961,,EM:08137,
7675086,,EM:08137,
9450477,,EM:08137,
8033149,,EM:08163,
18432635,,EM:08163,
18922918,,EM:08163,
18989354,,EM:08163,
19276249,,EM:08163,
20813953,,EM:08163,
23894654,,EM:08163,
23592925,,EM:08175,
24561791,,EM:08181,
24561791,,EM:08182,
26292267,,EM:08192,
26292267,,EM:08193,
19717462,,EM:08194,
18088361,,EM:08194,
15044363,,EM:08194,
15041741,,EM:08194,
12533601,,EM:08194,
11711881,,EM:08194,
11016970,,EM:08194,
10762308,,EM:08194,
10934278,,EM:08194,
11016971,,EM:08194,
20964829,,EM:08195,
16467571,,EM:08222,
17873278,,EM:08225,
23209641,,EM:08225,
16467571,,EM:08225,
9916805,,EM:08236,
24615726,,EM:08262,
16467571,,EM:08263,
17873278,,EM:08263,
19696018,,EM:08263,
23209641,,EM:08263,
22396390,,EM:08268,
24023695,,EM:08269,
19283781,,EM:08270,
24067652,,EM:08303,
26669262,,EM:08303,
21832087,,EM:08304,
15016763,,EM:08305,
24735479,,EM:08305,
26248199,,EM:08305,
23680781,,EM:08305,
19440339,,EM:08310,
18448090,,EM:08316,
15250938,,EM:08317,
16146766,,EM:08317,
21350012,,EM:08321,
23918801,,EM:08322,
11809810,,EM:08326,
11369940,,EM:08326,
17197443,,EM:08327,
17197443,,EM:08328,
15377789,,EM:08330,
17135260,,EM:08331,
24553430,,EM:08337,
12907433,,EM:08339,
14745025,,EM:08339,
17664282,,EM:08339,
19181779,,EM:08339,
19745162,,EM:08339,
19912439,,EM:08339,
22275487,,EM:08339,
22328502,,EM:08339,
23953114,,EM:08339,
21415392,,EM:08339,
23509324,,EM:08347,
19332562,,EM:08348,
24212674,,EM:08358,
24069355,,EM:08361,
9368614,,EM:08366,
16237080,,EM:08367,
23064365,,EM:08371,
27911804,,EM:08376,
9763613,,EM:08377,
25486356,,EM:08395,
22348103,,EM:08404,
22698400,,EM:08404,
23024809,,EM:08405,
22161748,,EM:08406,
22609228,,EM:08406,
23128355,,EM:08406,
19429829,,EM:08421,
24133248,,EM:08421,
16267157,,EM:08423,
22348103,,EM:08428,
24278461,,EM:08437,
19737919,,EM:08438,
19737919,,EM:08439,
8977220,,EM:08444,
8734789,,EM:08448,
9423800,,EM:08451,
16803463,,EM:08451,
22034512,,EM:08451,
23516969,,EM:08451,
10515384,,EM:08451,
10030296,,EM:08451,
9423800,,EM:08452,
10030296,,EM:08452,
10515384,,EM:08452,
11737851,,EM:08452,
15126322,,EM:08452,
15575897,,EM:08452,
16925664,,EM:08452,
18606855,,EM:08452,
9851962,,EM:08453,
10030296,,EM:08453,
10515384,,EM:08453,
11737851,,EM:08453,
15126322,,EM:08453,
15575897,,EM:08453,
16925664,,EM:08453,
18606855,,EM:08453,
28633017,,EM:08489,
24204315,,EM:08495,
22589746,,EM:08496,
24043305,,EM:08496,
23873026,,EM:08496,
22733990,,EM:08497,
22733990,,EM:08498,
19155270,,EM:08500,
14617806,,EM:08532,
17384153,,EM:08549,
21203384,,EM:08668,
24234655,,EM:08668,
16823490,,EM:08840,
19596361,,EM:08840,
16823482,,EM:08840,
16823490,,EM:08841,
19596361,,EM:08841,
16823482,,EM:08841,
16823490,,EM:08842,
19596361,,EM:08842,
16823482,,EM:08842,
16823490,,EM:08843,
19596361,,EM:08843,
16823482,,EM:08843,
25186462,,EM:08916,
19687302,,EM:08916,
22826245,,EM:08924,
27322476,,EM:08925,
10881175,,EM:08944,
12548562,,EM:08945,
11714775,,EM:08945,
19398754,,EM:08992,
9763613,,EM:09003,
12753747,,EM:09004,
25111180,,EM:09005,
17900353,,EM:09009,
24302625,,EM:09024,
25486061,,EM:09058,
24838000,,EM:09061,
24838000,,EM:09062,
22983824,,EM:09063,
25504652,,EM:09091,
28633017,,EM:09169,
24259670,,EM:09172,
19506037,,EM:09172,
24259670,,EM:09173,
19506037,,EM:09173,
15124227,,EM:09178,
10921880,,EM:09178,
16205634,,EM:09178,
12934101,,EM:09178,
16914668,,EM:09212,
16099814,,EM:09212,
9811877,,EM:09212,
23978475,,EM:09214,
19409270,,EM:09215,
17313573,,EM:09220,
22797694,,EM:09220,
20079728,,EM:09254,
17313573,,EM:09255,
22797694,,EM:09256,
12466566,,EM:09256,
11431570,,EM:09257,
15723058,,EM:09257,
11158616,,EM:09264,
20847313,,EM:09264,
20980607,,EM:09264,
16216087,,EM:09283,
16216087,,EM:09284,
11266574,,EM:09285,
15474368,,EM:09285,
10729336,,EM:09286,
10729336,,EM:09287,
9458051,,EM:09315,
23201971,,EM:09315,
9458051,,EM:09316,
10195181,,EM:09317,
7502080,,EM:09317,
33420383,,EM:09319,
17579707,,EM:09320,
17579707,,EM:09321,
28369367,,EM:09323,
25107912,,EM:09367,
23623380,,EM:09381,
22730043,,EM:09382,
10026221,,EM:09405,
16054071,,EM:09406,
11106749,,EM:09406,
16054071,,EM:09408,
11106749,,EM:09408,
10026221,,EM:09408,
20147630,,EM:09411,
10949032,,EM:09446,
15520281,,EM:09446,
18519586,,EM:09463,
21909098,,EM:09463,
25561555,,EM:09463,
22271892,,EM:09464,
12237475,,EM:09465,
27292644,,EM:09467,
15973435,,EM:09491,
26908355,,EM:09494,
20853428,,EM:09497,
22863881,,EM:09501,
12782272,,EM:09502,
12941803,,EM:09502,
18785926,,EM:09504,
23935851,,EM:09504,
25804527,,EM:09504,
25793522,,EM:09527,
12045226,,EM:09586,
17003476,,EM:09586,
17535974,,EM:09586,
16877362,,EM:09586,
17122055,,EM:09588,
19228977,,EM:09588,
20018672,,EM:09588,
21415372,,EM:09588,
21040852,,EM:09588,
21880920,,EM:09588,
24821804,,EM:09588,
24802380,,EM:09588,
24501126,,EM:09599,
16007336,,EM:09628,
10567528,,EM:09630,
11919174,,EM:09630,
19580468,,EM:09630,
22399299,,EM:09630,
22692895,,EM:09630,
23341998,,EM:09630,
25879839,,EM:09642,
21445238,,EM:09644,
25510416,,EM:09644,
25510416,,EM:09646,
9203585,,EM:09654,
18719115,,EM:09654,
19762426,,EM:09654,
22684254,,EM:09654,
24297921,,EM:09654,
26980793,,EM:09654,
19578400,,EM:09657,
11299042,,EM:09667,
11299042,,EM:09668,
11969263,,EM:09679,
15812824,,EM:09679,
12631340,,EM:09679,
20439543,,EM:09689,
21357823,,EM:09689,
9486979,,EM:09689,
18032632,,EM:09695,
22232745,,EM:09695,
19855380,,EM:09712,
26116663,,EM:09714,
23090744,,EM:09717,
18442049,,EM:09719,
12874124,,EM:09720,
21595990,,EM:09753,
18519586,,EM:09798,
11416142,,EM:09799,
22593188,,EM:09799,
19855380,,EM:09828,
25825391,,EM:09845,
23960236,,EM:09845,
23000969,,EM:09854,
9207086,,EM:09855,
12727891,,EM:09858,
9990092,,EM:09859,
26309024,,EM:09860,
22527485,,EM:09870,
21354128,,EM:09872,
20844119,,EM:09878,
9037080,,EM:09881,
11070173,,EM:09882,
20844119,,EM:09884,
16007336,,EM:09885,
11845212,,EM:09895,
21354127,,EM:09895,
18988810,,EM:09895,
17679087,,EM:09895,
12853484,,EM:09896,
23239737,,EM:09896,
19141673,,EM:09896,
19008856,,EM:09896,
11311167,,EM:09897,
11562346,,EM:09897,
23239737,,EM:09897,
4838760,,EM:09898,
1845916,,EM:09898,
23239737,,EM:09898,
22396659,,EM:09898,
21354127,,EM:09898,
8462104,,EM:09898,
10802648,,EM:09898,
11845212,,EM:09898,
18988810,,EM:09898,
11562346,,EM:09898,
22076439,,EM:09903,
24696087,,EM:09904,
22723949,,EM:09905,
21553074,,EM:09906,
28369367,,EM:09913,
7479866,,EM:09914,
24710278,,EM:09916,
12181493,,EM:09917,
15479728,,EM:09917,
17901877,,EM:09917,
19169282,,EM:09917,
25880443,,EM:09930,
21624478,,EM:09933,
21624478,,EM:09934,
25091723,,EM:09935,
26490457,,EM:09936,
24489749,,EM:09938,
23063435,,EM:10002,
23063435,,EM:10003,
19740593,,EM:10011,
19830824,,EM:10012,
19169282,,EM:10036,
9384379,,EM:10171,
19446794,,EM:10171,
21115823,,EM:10171,
22164138,,EM:10171,
24844602,,EM:10171,
26125041,,EM:10171,
16314537,,EM:10177,
19446794,,EM:10177,
19043548,,EM:10356,
26908355,,EM:10367,
17900353,,EM:10368,
23740547,,EM:10368,
25125695,,EM:10368,
27555499,,EM:10368,
26801181,,EM:10370,
15231714,,EM:10371,
17884984,,EM:10371,
22357932,,EM:10371,
26765561,,EM:10372,
26765561,,EM:10373,
26801181,,EM:10388,
26801181,,EM:10389,
26801181,,EM:10390,
26801181,,EM:10391,
26801181,,EM:10392,
26801181,,EM:10393,
26801181,,EM:10394,
9811821,,EM:10406,
26929027,,EM:10409,
32052574,,EM:10410,
32440535,,EM:10412,
22357932,,EM:10414,
24376653,,EM:10416,
26076353,,EM:10422,
20844119,,EM:10424,
20844119,,EM:10425,
24086137,,EM:10455,
26029887,,EM:10541,
26903504,,EM:10542,
26903504,,EM:10543,
23246003,,EM:10544,
26721931,,EM:10556,
26765563,,EM:10557,
26765563,,EM:10558,
26765563,,EM:10559,
26765563,,EM:10560,
26765563,,EM:10561,
26765563,,EM:10562,
26765563,,EM:10565,
11583983,,EM:10575,
24516120,,EM:10580,
9262401,,EM:10582,
9888857,,EM:10583,
23499552,,EM:10584,
11566879,,EM:10594,
18481090,,EM:10594,
19074901,,EM:10594,
21521872,,EM:10595,
21521872,,EM:10596,
26813254,,EM:10596,
25620209,,EM:10600,
11158616,,EM:10618,
11171372,,EM:10618,
21147852,,EM:10645,
22084082,,EM:10662,
24548641,,EM:10662,
11145748,,EM:10681,
15514086,,EM:10681,
15941853,,EM:10681,
15951841,,EM:10681,
19811529,,EM:10689,
20096586,,EM:10689,
25158900,,EM:10689,
23966701,,EM:10689,
19155270,,EM:10692,
22956915,,EM:10693,
25790475,,EM:10693,
26868665,,EM:10693,
24730562,,EM:10696,
9794766,,EM:10724,
9162011,,EM:10733,
14634646,,EM:10734,
8846781,,EM:10789,
8846781,,EM:10790,
27481099,,EM:10791,
25741714,,EM:10827,
27526095,,EM:10848,
19734891,,EM:10853,
25825391,,EM:10855,
23960236,,EM:10855,
17392169,,EM:10871,
27815347,,EM:10872,
18248096,,EM:10876,
26876963,,EM:10890,
23300482,,EM:10891,
22467513,,EM:10892,
19398754,,EM:10935,
29844172,,EM:10944,
19352492,,EM:10964,
24726525,,EM:10964,
25741714,,EM:10966,
25124681,,EM:10967,
26744330,,EM:10967,
20442137,,EM:10969,
20442137,,EM:10970,
16289584,,EM:10973,
26692072,,EM:10980,
11832450,,EM:10981,
24859200,,EM:11018,
18562329,,EM:11018,
23676465,,EM:11019,
26991125,,EM:11019,
8345187,,EM:11020,
8345187,,EM:11021,
7479982,,EM:11023,
22348103,,EM:11024,
11927538,,EM:11028,
22884367,,EM:11028,
21193414,,EM:11028,
15254016,,EM:11028,
12766032,,EM:11028,
14525950,,EM:11028,
18455382,,EM:11028,
21085708,,EM:11028,
20616167,,EM:11028,
14685281,,EM:11028,
11927538,,EM:11029,
24135756,,EM:11029,
20659958,,EM:11039,
25234641,,EM:11039,
26878798,,EM:11039,
22262888,,EM:11039,
25419628,,EM:11045,
15908920,,EM:11050,
16413924,,EM:11070,
15289505,,EM:11071,
10204494,,EM:11081,
8630730,,EM:11082,
26883548,,EM:11091,
26883548,,EM:11092,
28128321,,EM:11093,
28146477,,EM:11097,
25866925,,EM:11098,
20133851,,EM:11098,
19940179,,EM:11098,
29053787,,EM:11106,
27292645,,EM:11120,
9166425,,EM:11132,
16267157,,EM:11133,
9751756,,EM:11135,
18089795,,EM:11135,
18089795,,EM:11139,
15307189,,EM:11143,
9166425,,EM:11144,
16267157,,EM:11145,
15307189,,EM:11146,
9166425,,EM:11147,
16267157,,EM:11166,
19517561,,EM:11166,
22800760,,EM:11179,
23345419,,EM:11179,
23451233,,EM:11179,
24416430,,EM:11179,
26393907,,EM:11179,
26585154,,EM:11179,
22800760,,EM:11180,
26585154,,EM:11180,
20835760,,EM:11181,
25848008,,EM:11197,
25848008,,EM:11198,
32299058,,EM:11199,
10440375,,EM:11244,
26146363,,EM:11249,
24356983,,EM:11253,
27582005,,EM:11255,
12783789,,EM:11255,
22032925,,EM:11298,
27589388,,EM:11298,
31360740,,EM:11298,
27589388,,EM:11299,
31360740,,EM:11299,
27589388,,EM:11300,
31360740,,EM:11300,
28477420,,EM:11342,
27458135,,EM:11343,
11023874,,EM:11356,
17449025,,EM:11356,
4634355,,EM:11356,
11023874,,EM:11357,
17449025,,EM:11357,
11023874,,EM:11358,
17449025,,EM:11358,
20577743,,EM:11358,
24066189,,EM:11358,
4634355,,EM:11358,
11023874,,EM:11359,
17449025,,EM:11359,
20577743,,EM:11359,
24066189,,EM:11359,
4634355,,EM:11359,
28494939,,EM:11360,
17506087,,EM:11360,
12000713,,EM:11361,
28487311,,EM:11391,
16625210,,EM:11393,
18449193,,EM:11394,
16625210,,EM:11395,
17846664,,EM:11395,
17610275,,EM:11399,
17507564,,EM:11430,
25981717,,EM:11430,
22500637,,EM:11431,
15091340,,EM:11431,
25981717,,EM:11431,
17507564,,EM:11431,
16632309,,EM:11448,
16632309,,EM:11449,
9636277,,EM:11450,
11566872,,EM:11450,
10581259,,EM:11450,
16219759,,EM:11451,
18416605,,EM:11451,
23395905,,EM:11451,
25673720,,EM:11451,
16219759,,EM:11452,
18416605,,EM:11452,
23395905,,EM:11452,
25673720,,EM:11452,
16219759,,EM:11453,
18416605,,EM:11453,
23395905,,EM:11453,
25673720,,EM:11453,
29599769,,EM:11454,
29033321,,EM:11456,
19047635,,EM:11476,
22147915,,EM:11476,
23675350,,EM:11476,
29234270,,EM:11476,
19047635,,EM:11478,
21876744,,EM:11478,
28077706,,EM:11478,
30181354,,EM:11478,
30199819,,EM:11478,
28578918,,EM:11478,
12963709,,EM:11479,
18550718,,EM:11479,
21205796,,EM:11479,
22752552,,EM:11479,
22836270,,EM:11479,
23968836,,EM:11479,
19109503,,EM:11479,
19673007,,EM:11488,
19726518,,EM:11491,
12130661,,EM:11499,
12130661,,EM:11500,
24919154,,EM:11500,
12130661,,EM:11501,
17846664,,EM:11501,
20659958,,EM:11505,
26878798,,EM:11505,
22262888,,EM:11505,
26078274,,EM:11549,
29087944,,EM:11551,
29087944,,EM:11552,
29087944,,EM:11553,
29087944,,EM:11554,
11150314,,EM:11617,
8221699,,EM:11620,
8805860,,EM:11620,
10233861,,EM:11620,
14728943,,EM:11620,
23454193,,EM:11620,
26132308,,EM:11629,
26132308,,EM:11630,
26132308,,EM:11631,
18544649,,EM:11633,
26302408,,EM:11640,
22566840,,EM:11673,
28735299,,EM:11691,
16237163,,EM:11705,
20644257,,EM:11705,
19807729,,EM:11706,
16581281,,EM:11706,
19807729,,EM:11707,
16581281,,EM:11707,
16574458,,EM:11707,
27559317,,EM:11707,
19807729,,EM:11708,
16581281,,EM:11708,
16574458,,EM:11708,
24260394,,EM:11709,
24260394,,EM:11710,
24260394,,EM:11711,
12454846,,EM:11726,
16245156,,EM:11726,
16396925,,EM:11726,
20573196,,EM:11726,
21547424,,EM:11726,
19581584,,EM:11736,
27068535,,EM:11736,
12070347,,EM:11739,
20962274,,EM:11742,
24173284,,EM:11742,
29691410,,EM:11775,
29498802,,EM:11778,
29498802,,EM:11779,
24247431,,EM:11784,
28710397,,EM:11784,
18458114,,EM:11790,
25470051,,EM:11790,
27666010,,EM:11790,
16427009,,EM:11817,
11934988,,EM:11818,
11740565,,EM:11818,
26170386,,EM:11824,
9102308,,EM:11825,
2113174,,EM:11826,
12575949,,EM:11827,
11857793,,EM:11828,
10686605,,EM:11829,
10887087,,EM:11830,
9389446,,EM:11831,
11782409,,EM:11832,
11782409,,EM:11833,
18524893,,EM:11834,
24061538,,EM:11835,
17420280,,EM:11843,
15183724,,EM:11843,
17600088,,EM:11843,
19729609,,EM:11843,
22210772,,EM:11843,
23065814,,EM:11843,
25634355,,EM:11843,
26148229,,EM:11843,
31287804,,EM:11843,
29408278,,EM:11843,
19648291,,EM:11844,
17086203,,EM:11898,
25788689,,EM:11898,
20053908,,EM:11898,
22445340,,EM:11898,
23678105,,EM:11898,
25063195,,EM:11898,
25535338,,EM:11898,
29346753,,EM:11898,
11857810,,EM:11899,
30631090,,EM:11937,
28106121,,EM:11938,
21190736,,EM:11942,
26291828,,EM:11951,
24501126,,EM:11953,
27291400,,EM:11953,
16600854,,EM:11959,
18056810,,EM:11959,
20386724,,EM:11959,
22841315,,EM:11959,
25822020,,EM:11959,
27607574,,EM:11959,
30944432,,EM:11960,
30944432,,EM:11961,
21852397,,EM:11987,
28289053,,EM:11988,
15879509,,EM:11995,
26771137,,EM:11996,
25486356,,EM:12167,
30197299,,EM:12199,
26023183,,EM:12207,
22284184,,EM:12207,
29867208,,EM:12210,
8113673,,EM:12211,
9215625,,EM:12211,
9697835,,EM:12211,
11181704,,EM:12211,
12890867,,EM:12211,
12960340,,EM:12211,
18089795,,EM:12211,
17823970,,EM:12216,
20887953,,EM:12216,
20943920,,EM:12216,
21737741,,EM:12216,
27187176,,EM:12216,
17823970,,EM:12217,
20887953,,EM:12217,
21264956,,EM:12217,
25531572,,EM:12217,
28900295,,EM:12217,
30006609,,EM:12217,
30010003,,EM:12217,
30279523,,EM:12222,
30289388,,EM:12224,
30289388,,EM:12225,
30289388,,EM:12226,
30289388,,EM:12227,
30289388,,EM:12228,
30289388,,EM:12229,
28315658,,EM:12275,
10748062,,EM:12344,
19706426,,EM:12351,
25565311,,EM:12351,
23804456,,EM:12351,
27729280,,EM:12384,
28572455,,EM:12387,
30282728,,EM:12392,
27965440,,EM:12396,
30289388,,EM:12397,
18708576,,EM:12397,
22658956,,EM:12427,
26385961,,EM:12428,
19712103,,EM:12459,
15766660,,EM:12460,
15766660,,EM:12461,
23954555,,EM:12462,
29200404,,EM:12475,
29200404,,EM:12476,
19247965,,EM:12502,
9876177,,EM:12502,
14651936,,EM:12502,
7346236,,EM:12506,
18385073,,EM:12507,
30291584,,EM:12507,
24096375,,EM:12507,
29864422,,EM:12507,
7346236,,EM:12508,
22366797,,EM:12513,
28093491,,EM:12513,
26358247,,EM:12513,
30291584,,EM:12514,
7363969,,EM:12514,
1707874,,EM:12514,
6767618,,EM:12514,
17392687,,EM:12514,
12226711,,EM:12520,
11687536,,EM:12521,
2163348,,EM:12522,
9504722,,EM:12522,
3941665,,EM:12522,
1511869,,EM:12522,
9439574,,EM:12522,
2626238,,EM:12522,
7035547,,EM:12544,
3209064,,EM:12544,
11133865,,EM:12544,
3352637,,EM:12545,
12202521,,EM:12545,
3941665,,EM:12546,
1511869,,EM:12546,
9782080,,EM:12546,
1973159,,EM:12546,
11980868,,EM:12546,
8034315,,EM:12546,
1511869,,EM:12547,
9439574,,EM:12547,
7035547,,EM:12547,
11238416,,EM:12553,
11381063,,EM:12554,
16303964,,EM:12556,
15037589,,EM:12557,
1511869,,EM:12559,
6479248,,EM:12559,
8626090,,EM:12559,
9782080,,EM:12559,
12426373,,EM:12559,
29934063,,EM:12576,
30991053,,EM:12603,
21030782,,EM:12613,
29764981,,EM:12613,
21030782,,EM:12614,
29764981,,EM:12614,
21030782,,EM:12615,
29764981,,EM:12615,
21030782,,EM:12616,
29764981,,EM:12616,
19635938,,EM:12631,
21282377,,EM:12632,
20095053,,EM:12662,
26341401,,EM:12698,
26341401,,EM:12699,
19130884,,EM:12703,
30194386,,EM:12708,
28182735,,EM:12708,
26082683,,EM:12708,
25712471,,EM:12708,
23042082,,EM:12708,
28483975,,EM:12708,
29983324,,EM:12708,
31388182,,EM:12712,
25447080,,EM:12717,
31333492,,EM:12718,
30758858,,EM:12719,
30988302,,EM:12720,
31383820,,EM:12746,
27959934,,EM:12748,
17879320,,EM:12749,
14645517,,EM:12749,
21126319,,EM:12749,
30674417,,EM:12760,
24057032,,EM:12761,
29466448,,EM:12762,
24698729,,EM:12763,
23315163,,EM:12764,
16449664,,EM:12765,
11114376,,EM:12799,
29209045,,EM:12803,
21822254,,EM:12803,
30389403,,EM:12806,
17135325,,EM:12807,
24843165,,EM:12808,
15791206,,EM:12809,
31884020,,EM:12821,
31884020,,EM:12825,
25759215,,EM:12882,
28555636,,EM:12902,
28683306,,EM:12934,
23359549,,EM:12969,
23359549,,EM:12970,
23359549,,EM:12974,
23359549,,EM:12975,
22078881,,EM:12997,
22078881,,EM:12998,
24268577,,EM:12999,
24268577,,EM:13000,
11099416,,EM:13041,
20194434,,EM:13069,
27221772,,EM:13079,
30510071,,EM:13079,
32564464,,EM:13085,
29618659,,EM:13086,
32561725,,EM:13089,
22744859,,EM:13121,
9069289,,EM:13141,
9348300,,EM:13141,
16339556,,EM:13142,
16525990,,EM:13142,
21098741,,EM:13142,
16339556,,EM:13143,
9069289,,EM:13143,
9348300,,EM:13143,
21098741,,EM:13143,
1328464,,EM:13156,
31663508,,EM:13157,
20661454,,EM:13159,
20111592,,EM:13159,
11567053,,EM:13159,
16420467,,EM:13159,
8402901,,EM:13159,
8306885,,EM:13160,
24812270,,EM:13160,
29615514,,EM:13160,
22351753,,EM:13162,
26448642,,EM:13162,
18213582,,EM:13162,
16901266,,EM:13162,
31434553,,EM:13162,
20394677,,EM:13162,
23950901,,EM:13162,
22351753,,EM:13163,
26448642,,EM:13163,
18213582,,EM:13163,
16901266,,EM:13163,
31434553,,EM:13163,
20394677,,EM:13163,
23950901,,EM:13163,
26767982,,EM:13165,
29913563,,EM:13165,
24010670,,EM:13165,
18653718,,EM:13165,
16762638,,EM:13165,
22961760,,EM:13165,
12748294,,EM:13166,
17870088,,EM:13166,
16186798,,EM:13167,
12810953,,EM:13167,
21140474,,EM:13167,
25193995,,EM:13167,
16186798,,EM:13168,
12810953,,EM:13168,
21140474,,EM:13168,
25193995,,EM:13168,
7964471,,EM:13195,
15757973,,EM:13208,
11588181,,EM:13208,
20566479,,EM:13208,
18945718,,EM:13208,
32005765,,EM:13208,
32579581,,EM:13208,
23168219,,EM:13208,
31505196,,EM:13208,
28461218,,EM:13208,
31890743,,EM:13208,
20656029,,EM:13208,
30440089,,EM:13208,
24150248,,EM:13208,
18245781,,EM:13208,
22787118,,EM:13208,
18790059,,EM:13208,
21233488,,EM:13208,
21780252,,EM:13208,
17227870,,EM:13208,
30949583,,EM:13208,
11062475,,EM:13208,
20002202,,EM:13208,
25752644,,EM:13208,
26407721,,EM:13208,
29615705,,EM:13208,
25005176,,EM:13208,
24486705,,EM:13208,
25171792,,EM:13208,
28376279,,EM:13208,
14978272,,EM:13208,
23977020,,EM:13208,
30933310,,EM:13208,
28375739,,EM:13208,
27659966,,EM:13208,
27053209,,EM:13208,
22961549,,EM:13208,
31835787,,EM:13208,
26086365,,EM:13208,
12206900,,EM:13208,
31226324,,EM:13208,
28768180,,EM:13208,
12417746,,EM:13208,
9500544,,EM:13208,
21768369,,EM:13208,
27003179,,EM:13208,
20018672,,EM:13209,
21880920,,EM:13209,
32005765,,EM:13209,
32579581,,EM:13209,
31505196,,EM:13209,
28461218,,EM:13209,
31890743,,EM:13209,
20656029,,EM:13209,
30440089,,EM:13209,
24150248,,EM:13209,
22787118,,EM:13209,
18790059,,EM:13209,
21233488,,EM:13209,
17227870,,EM:13209,
20002202,,EM:13209,
25752644,,EM:13209,
26407721,,EM:13209,
29615705,,EM:13209,
24486705,,EM:13209,
25171792,,EM:13209,
28376279,,EM:13209,
23977020,,EM:13209,
30933310,,EM:13209,
28375739,,EM:13209,
27659966,,EM:13209,
27053209,,EM:13209,
22961549,,EM:13209,
31835787,,EM:13209,
26086365,,EM:13209,
31226324,,EM:13209,
21768369,,EM:13209,
27003179,,EM:13209,
26088285,,EM:13209,
32192190,,EM:13209,
22914740,,EM:13209,
28466093,,EM:13209,
31481399,,EM:13209,
27703142,,EM:13209,
28595911,,EM:13209,
32244769,,EM:13209,
32564285,,EM:13209,
21768369,,EM:13210,
22914740,,EM:13210,
31170154,,EM:13210,
32415886,,EM:13210,
25688136,,EM:13210,
32923630,,EM:13210,
28768180,,EM:13213,
21455489,,EM:13213,
23042113,,EM:13213,
24915468,,EM:13213,
19656491,,EM:13213,
27626666,,EM:13213,
24985350,,EM:13213,
21041631,,EM:13213,
18232733,,EM:13213,
16332961,,EM:13213,
23965628,,EM:13213,
15164064,,EM:13213,
32778836,,EM:13213,
17662273,,EM:13213,
26109204,,EM:13245,
29170395,,EM:13246,
27138914,,EM:13247,
26655903,,EM:13249,
29180704,,EM:13250,
30237523,,EM:13251,
28903944,,EM:13251,
26132308,,EM:13314,
21487106,,EM:13314,
26132308,,EM:13325,
21487106,,EM:13325,
26132308,,EM:13327,
21487106,,EM:13327,
18544649,,EM:13328,
21487106,,EM:13328,